journey,current_station,destination_station,stops_remaining,remaining_minutes,sample_count
WAT2WEY,ANF,BCU,2,10.0,1194
WAT2WEY,ANF,BEU,1,4.0,968
WAT2WEY,ANF,BMH,8,37.0,1194
WAT2WEY,ANF,BSM,9,44.0,1141
WAT2WEY,ANF,CHR,6,29.0,1033
WAT2WEY,ANF,DCH,16,83.0,1195
WAT2WEY,ANF,HAM,12,56.0,1195
WAT2WEY,ANF,HNA,5,25.0,1031
WAT2WEY,ANF,HOL,11,52.0,98
WAT2WEY,ANF,MTN,15,76.0,1138
WAT2WEY,ANF,NWM,4,20.0,1034
WAT2WEY,ANF,PKS,10,47.0,1141
WAT2WEY,ANF,POK,7,33.0,1032
WAT2WEY,ANF,POO,11,50.0,1195
WAT2WEY,ANF,SWY,3,16.0,1030
WAT2WEY,ANF,UPW,17,90.0,1143
WAT2WEY,ANF,WEY,18,95.0,1195
WAT2WEY,ANF,WOO,14,69.0,1162
WAT2WEY,ANF,WRM,13,62.0,1195
WAT2WEY,BCU,BCU,1,2.0,1
WAT2WEY,BCU,BMH,1,17.0,28261
WAT2WEY,BCU,BSM,2,25.0,19852
WAT2WEY,BCU,CHR,2,15.0,10647
WAT2WEY,BCU,DCH,10,67.0,28390
WAT2WEY,BCU,FRM,1,1.0,1
WAT2WEY,BCU,HAM,5,38.0,28390
WAT2WEY,BCU,HNA,3,14.0,2348
WAT2WEY,BCU,HOL,7,46.0,11451
WAT2WEY,BCU,MTN,10,64.0,18736
WAT2WEY,BCU,NWM,1,8.0,12634
WAT2WEY,BCU,PKS,3,28.0,19853
WAT2WEY,BCU,POK,3,19.0,10629
WAT2WEY,BCU,POO,4,32.0,28390
WAT2WEY,BCU,SWY,1,5.0,2344
WAT2WEY,BCU,UPW,12,78.0,18796
WAT2WEY,BCU,WEY,12,79.0,28390
WAT2WEY,BCU,WOO,8,56.0,21893
WAT2WEY,BCU,WRM,7,45.0,28390
WAT2WEY,BEU,BCU,1,6.0,968
WAT2WEY,BEU,BMH,7,33.0,968
WAT2WEY,BEU,BSM,8,40.0,958
WAT2WEY,BEU,CHR,5,25.0,957
WAT2WEY,BEU,DCH,15,79.0,969
WAT2WEY,BEU,HAM,11,52.0,969
WAT2WEY,BEU,HNA,4,21.0,958
WAT2WEY,BEU,HOL,12,56.0,53
WAT2WEY,BEU,MTN,14,72.0,941
WAT2WEY,BEU,NWM,3,16.0,958
WAT2WEY,BEU,PKS,9,43.0,958
WAT2WEY,BEU,POK,6,29.0,957
WAT2WEY,BEU,POO,10,46.0,969
WAT2WEY,BEU,SWY,2,12.0,958
WAT2WEY,BEU,UPW,16,86.0,942
WAT2WEY,BEU,WEY,17,91.0,969
WAT2WEY,BEU,WOO,13,65.0,956
WAT2WEY,BEU,WRM,12,58.0,969
WAT2WEY,BFN,BCU,12,71.0,1
WAT2WEY,BFN,BKO,3,4.0,1
WAT2WEY,BFN,BMH,13,93.0,1
WAT2WEY,BFN,BSK,8,19.0,1
WAT2WEY,BFN,BSM,14,100.0,1
WAT2WEY,BFN,DCH,22,142.0,1
WAT2WEY,BFN,FLE,5,11.0,1
WAT2WEY,BFN,FNB,4,8.0,1
WAT2WEY,BFN,HAM,17,113.0,1
WAT2WEY,BFN,HOK,7,16.0,1
WAT2WEY,BFN,HOL,18,118.0,1
WAT2WEY,BFN,MTN,21,135.0,1
WAT2WEY,BFN,PKS,15,103.0,1
WAT2WEY,BFN,POO,16,108.0,1
WAT2WEY,BFN,SOA,10,45.0,1
WAT2WEY,BFN,UPW,23,150.0,1
WAT2WEY,BFN,WBY,1,1.0,1
WAT2WEY,BFN,WEY,24,154.0,1
WAT2WEY,BFN,WIN,9,36.0,1
WAT2WEY,BFN,WNF,6,13.0,1
WAT2WEY,BFN,WOK,2,2.0,1
WAT2WEY,BFN,WOO,20,129.0,1
WAT2WEY,BFN,WRM,19,122.0,1
WAT2WEY,BKO,ANF,14,65.0,2
WAT2WEY,BKO,BCU,14,67.0,4
WAT2WEY,BKO,BEU,16,67.5,2
WAT2WEY,BKO,BMH,18,86.0,4
WAT2WEY,BKO,BSK,5,15.5,4
WAT2WEY,BKO,BSM,18,93.0,4
WAT2WEY,BKO,CHR,20,88.5,2
WAT2WEY,BKO,DCH,25,135.5,4
WAT2WEY,BKO,ESL,9,39.0,3
WAT2WEY,BKO,FLE,2,7.0,4
WAT2WEY,BKO,FNB,1,4.5,4
WAT2WEY,BKO,HAM,22,105.5,4
WAT2WEY,BKO,HNA,20,85.0,2
WAT2WEY,BKO,HOK,4,12.0,4
WAT2WEY,BKO,HOL,22,110.5,2
WAT2WEY,BKO,MBK,14,54.0,1
WAT2WEY,BKO,MIC,6,26.5,2
WAT2WEY,BKO,MTN,27,131.0,3
WAT2WEY,BKO,NWM,18,81.5,2
WAT2WEY,BKO,PKS,20,96.0,4
WAT2WEY,BKO,POK,22,91.5,2
WAT2WEY,BKO,POO,20,100.5,4
WAT2WEY,BKO,RDB,15,56.0,1
WAT2WEY,BKO,SDN,12,45.0,2
WAT2WEY,BKO,SHW,8,37.0,3
WAT2WEY,BKO,SOA,10,41.0,4
WAT2WEY,BKO,SOU,13,49.0,3
WAT2WEY,BKO,SWG,11,44.0,2
WAT2WEY,BKO,SWY,18,78.0,2
WAT2WEY,BKO,TTN,14,60.5,2
WAT2WEY,BKO,UPW,29,146.0,3
WAT2WEY,BKO,WEY,26,149.0,4
WAT2WEY,BKO,WIN,6,32.0,4
WAT2WEY,BKO,WNF,3,9.5,4
WAT2WEY,BKO,WOO,24,122.0,4
WAT2WEY,BKO,WRM,22,114.5,4
WAT2WEY,BMH,BSM,1,9.0,23214
WAT2WEY,BMH,DCH,7,47.0,31751
WAT2WEY,BMH,HAM,4,19.0,31751
WAT2WEY,BMH,HOL,3,23.0,13247
WAT2WEY,BMH,MTN,7,41.0,20540
WAT2WEY,BMH,PKS,2,12.0,23215
WAT2WEY,BMH,POO,3,14.0,31751
WAT2WEY,BMH,UPW,9,56.0,20608
WAT2WEY,BMH,WEY,9,60.0,31751
WAT2WEY,BMH,WOO,6,34.0,25254
WAT2WEY,BMH,WRM,5,27.0,31751
WAT2WEY,BSK,ANF,7,53.0,1006
WAT2WEY,BSK,BCU,4,51.0,16897
WAT2WEY,BSK,BEU,8,57.0,948
WAT2WEY,BSK,BMH,8,72.0,20186
WAT2WEY,BSK,BSK,1,2.0,3
WAT2WEY,BSK,BSM,6,77.0,12059
WAT2WEY,BSK,CHR,6,65.0,10246
WAT2WEY,BSK,DCH,15,120.0,20260
WAT2WEY,BSK,ESL,3,28.0,3151
WAT2WEY,BSK,FRM,4,54.0,2
WAT2WEY,BSK,HAM,10,91.0,20260
WAT2WEY,BSK,HAV,3,41.5,16
WAT2WEY,BSK,HNA,10,72.0,2278
WAT2WEY,BSK,HOL,11,96.0,12704
WAT2WEY,BSK,MBK,8,38.0,7
WAT2WEY,BSK,MIC,1,11.0,172
WAT2WEY,BSK,MTN,14,113.0,16639
WAT2WEY,BSK,NWM,5,58.0,11622
WAT2WEY,BSK,PKS,7,80.0,12059
WAT2WEY,BSK,POK,7,69.0,10238
WAT2WEY,BSK,POO,9,85.0,20260
WAT2WEY,BSK,RDB,6,42.0,11
WAT2WEY,BSK,SDN,6,36.0,15
WAT2WEY,BSK,SHW,2,22.0,1836
WAT2WEY,BSK,SOA,2,26.0,20260
WAT2WEY,BSK,SOU,3,34.0,20207
WAT2WEY,BSK,SWG,5,35.0,16
WAT2WEY,BSK,SWY,8,63.0,2275
WAT2WEY,BSK,TTN,6,47.0,2436
WAT2WEY,BSK,UPW,16,128.0,16656
WAT2WEY,BSK,WEY,17,134.0,20260
WAT2WEY,BSK,WIN,1,17.0,20248
WAT2WEY,BSK,WOK,2,18.0,1
WAT2WEY,BSK,WOO,13,106.0,19623
WAT2WEY,BSK,WRM,12,99.0,20260
WAT2WEY,BSM,DCH,7,39.0,23215
WAT2WEY,BSM,HAM,3,12.0,23215
WAT2WEY,BSM,HOL,4,17.0,4876
WAT2WEY,BSM,MTN,6,33.0,12005
WAT2WEY,BSM,PKS,1,3.0,23215
WAT2WEY,BSM,POO,2,7.0,23216
WAT2WEY,BSM,UPW,8,47.0,12073
WAT2WEY,BSM,WEY,9,51.0,23215
WAT2WEY,BSM,WOO,5,26.0,16718
WAT2WEY,BSM,WRM,4,19.0,23215
WAT2WEY,CHR,BMH,2,8.0,10611
WAT2WEY,CHR,BSM,3,15.0,2310
WAT2WEY,CHR,CHR,1,1.0,1
WAT2WEY,CHR,DCH,9,56.0,10646
WAT2WEY,CHR,HAM,4,27.0,10646
WAT2WEY,CHR,HOL,5,31.0,9185
WAT2WEY,CHR,MTN,8,49.0,10552
WAT2WEY,CHR,PKS,4,18.0,2310
WAT2WEY,CHR,POK,1,4.0,10628
WAT2WEY,CHR,POO,3,21.0,10645
WAT2WEY,CHR,UPW,10,63.0,10553
WAT2WEY,CHR,WEY,11,70.0,10646
WAT2WEY,CHR,WOO,7,42.0,10584
WAT2WEY,CHR,WRM,6,35.0,10646
WAT2WEY,CLJ,ANF,9,92.0,984
WAT2WEY,CLJ,BCU,5,87.0,15705
WAT2WEY,CLJ,BEU,10,96.0,930
WAT2WEY,CLJ,BFN,6,16.0,1
WAT2WEY,CLJ,BKO,2,20.0,3
WAT2WEY,CLJ,BMH,9,109.0,15656
WAT2WEY,CLJ,BSK,1,36.0,14606
WAT2WEY,CLJ,BSM,9,122.0,7233
WAT2WEY,CLJ,CHR,7,101.0,10480
WAT2WEY,CLJ,DCH,16,157.0,15720
WAT2WEY,CLJ,EFF,1,19.0,1
WAT2WEY,CLJ,ESH,2,11.0,1
WAT2WEY,CLJ,ESL,5,71.0,2167
WAT2WEY,CLJ,FLE,3,30.0,9
WAT2WEY,CLJ,FNB,2,32.0,52
WAT2WEY,CLJ,FRM,4,93.0,1052
WAT2WEY,CLJ,GLD,2,31.0,1089
WAT2WEY,CLJ,HAM,11,128.0,15720
WAT2WEY,CLJ,HAV,3,73.0,1051
WAT2WEY,CLJ,HER,3,12.0,1
WAT2WEY,CLJ,HNA,13,115.0,2247
WAT2WEY,CLJ,HOK,6,34.0,4
WAT2WEY,CLJ,HOL,12,132.0,11082
WAT2WEY,CLJ,HSL,2,54.0,3
WAT2WEY,CLJ,MBK,10,78.5,4
WAT2WEY,CLJ,MIC,5,57.0,157
WAT2WEY,CLJ,MTN,15,150.0,15446
WAT2WEY,CLJ,NWM,6,94.0,12466
WAT2WEY,CLJ,PKS,10,125.0,7233
WAT2WEY,CLJ,POK,8,105.0,10478
WAT2WEY,CLJ,POO,10,123.0,15719
WAT2WEY,CLJ,PTR,3,66.0,2
WAT2WEY,CLJ,RDB,9,85.0,8
WAT2WEY,CLJ,SDN,8,76.0,11
WAT2WEY,CLJ,SHW,5,65.0,1825
WAT2WEY,CLJ,SNS,1,18.0,3
WAT2WEY,CLJ,SOA,3,61.0,14670
WAT2WEY,CLJ,SOU,4,70.0,15682
WAT2WEY,CLJ,SUR,2,13.0,136
WAT2WEY,CLJ,SWG,7,75.0,13
WAT2WEY,CLJ,SWY,11,106.0,2244
WAT2WEY,CLJ,TTN,8,88.0,2390
WAT2WEY,CLJ,UPW,17,165.0,15449
WAT2WEY,CLJ,VIR,1,32.0,1
WAT2WEY,CLJ,WAL,4,13.0,1
WAT2WEY,CLJ,WBY,7,17.0,1
WAT2WEY,CLJ,WEY,18,171.0,15720
WAT2WEY,CLJ,WIM,1,6.0,1044
WAT2WEY,CLJ,WIN,2,52.0,14665
WAT2WEY,CLJ,WNF,5,29.0,3
WAT2WEY,CLJ,WOK,1,22.0,5129
WAT2WEY,CLJ,WOO,14,144.0,15462
WAT2WEY,CLJ,WRM,13,137.0,15720
WAT2WEY,CLJ,WYB,3,14.5,2
WAT2WEY,DCH,MTN,1,2.0,1
WAT2WEY,DCH,UPW,1,7.0,20608
WAT2WEY,DCH,WEY,2,12.0,31751
WAT2WEY,DCH,WOO,2,13.0,2
WAT2WEY,EFF,BCU,5,117.0,1
WAT2WEY,EFF,BMH,7,136.0,1
WAT2WEY,EFF,BSM,8,146.0,1
WAT2WEY,EFF,DCH,15,185.0,1
WAT2WEY,EFF,FRM,3,79.0,1
WAT2WEY,EFF,GLD,1,13.0,1
WAT2WEY,EFF,HAM,11,158.0,1
WAT2WEY,EFF,HAV,2,63.0,1
WAT2WEY,EFF,MTN,14,178.0,1
WAT2WEY,EFF,NWM,6,125.0,1
WAT2WEY,EFF,PKS,9,149.0,1
WAT2WEY,EFF,POO,10,152.0,1
WAT2WEY,EFF,SOU,4,102.0,1
WAT2WEY,EFF,UPW,16,193.0,1
WAT2WEY,EFF,WEY,17,197.0,1
WAT2WEY,EFF,WOO,13,171.0,1
WAT2WEY,EFF,WRM,12,164.0,1
WAT2WEY,ESH,BCU,16,76.0,1
WAT2WEY,ESH,BFN,4,5.0,1
WAT2WEY,ESH,BKO,7,9.0,1
WAT2WEY,ESH,BMH,17,98.0,1
WAT2WEY,ESH,BSK,12,24.0,1
WAT2WEY,ESH,BSM,18,105.0,1
WAT2WEY,ESH,DCH,26,147.0,1
WAT2WEY,ESH,FLE,9,16.0,1
WAT2WEY,ESH,FNB,8,13.0,1
WAT2WEY,ESH,HAM,21,118.0,1
WAT2WEY,ESH,HER,1,1.0,1
WAT2WEY,ESH,HOK,11,21.0,1
WAT2WEY,ESH,HOL,22,123.0,1
WAT2WEY,ESH,MTN,25,140.0,1
WAT2WEY,ESH,PKS,19,108.0,1
WAT2WEY,ESH,POO,20,113.0,1
WAT2WEY,ESH,SOA,14,50.0,1
WAT2WEY,ESH,UPW,27,155.0,1
WAT2WEY,ESH,WAL,2,2.0,1
WAT2WEY,ESH,WBY,5,6.0,1
WAT2WEY,ESH,WEY,28,159.0,1
WAT2WEY,ESH,WIN,13,41.0,1
WAT2WEY,ESH,WNF,10,18.0,1
WAT2WEY,ESH,WOK,6,7.0,1
WAT2WEY,ESH,WOO,24,134.0,1
WAT2WEY,ESH,WRM,23,127.0,1
WAT2WEY,ESH,WYB,3,4.0,1
WAT2WEY,ESL,ANF,4,24.0,916
WAT2WEY,ESL,BCU,4,30.0,3166
WAT2WEY,ESL,BEU,5,28.0,913
WAT2WEY,ESL,BMH,10,56.0,3159
WAT2WEY,ESL,BSM,11,63.0,3147
WAT2WEY,ESL,CHR,8,50.0,2159
WAT2WEY,ESL,DCH,19,104.0,3173
WAT2WEY,ESL,FRM,2,27.0,1
WAT2WEY,ESL,HAM,14,75.0,3173
WAT2WEY,ESL,HAV,2,13.0,5
WAT2WEY,ESL,HNA,7,45.0,2133
WAT2WEY,ESL,HOL,15,79.0,1012
WAT2WEY,ESL,MBK,5,15.0,5
WAT2WEY,ESL,MTN,18,98.0,2201
WAT2WEY,ESL,NWM,6,41.0,2178
WAT2WEY,ESL,PKS,12,66.0,3147
WAT2WEY,ESL,POK,9,54.0,2159
WAT2WEY,ESL,POO,13,69.0,3173
WAT2WEY,ESL,RDB,6,17.0,8
WAT2WEY,ESL,SDN,3,8.0,15
WAT2WEY,ESL,SOA,1,4.0,3173
WAT2WEY,ESL,SOU,2,12.0,3169
WAT2WEY,ESL,SWG,2,6.0,19
WAT2WEY,ESL,SWY,5,36.0,2134
WAT2WEY,ESL,TTN,3,19.0,2138
WAT2WEY,ESL,UPW,20,112.0,2200
WAT2WEY,ESL,WEY,21,116.0,3173
WAT2WEY,ESL,WOO,17,90.0,2888
WAT2WEY,ESL,WRM,16,83.0,3173
WAT2WEY,FLE,ANF,8,62.0,6
WAT2WEY,FLE,BCU,10,66.0,10
WAT2WEY,FLE,BEU,10,66.0,6
WAT2WEY,FLE,BMH,16,90.5,10
WAT2WEY,FLE,BSK,1,9.0,10
WAT2WEY,FLE,BSM,17,97.0,10
WAT2WEY,FLE,CHR,14,91.0,6
WAT2WEY,FLE,DCH,24,138.0,10
WAT2WEY,FLE,ESL,5,38.0,7
WAT2WEY,FLE,HAM,20,109.5,10
WAT2WEY,FLE,HNA,14,87.0,6
WAT2WEY,FLE,HOK,2,5.0,4
WAT2WEY,FLE,HOL,20,103.5,2
WAT2WEY,FLE,MBK,12,47.0,1
WAT2WEY,FLE,MIC,4,20.0,3
WAT2WEY,FLE,MTN,23,138.0,9
WAT2WEY,FLE,NWM,12,82.0,7
WAT2WEY,FLE,PKS,18,100.0,10
WAT2WEY,FLE,POK,16,95.0,6
WAT2WEY,FLE,POO,19,104.5,10
WAT2WEY,FLE,RDB,13,49.0,1
WAT2WEY,FLE,SDN,10,38.0,2
WAT2WEY,FLE,SHW,4,33.0,7
WAT2WEY,FLE,SOA,5,38.5,10
WAT2WEY,FLE,SOU,6,50.0,9
WAT2WEY,FLE,SWG,9,37.0,2
WAT2WEY,FLE,SWY,12,78.0,6
WAT2WEY,FLE,TTN,8,57.0,6
WAT2WEY,FLE,UPW,25,152.0,9
WAT2WEY,FLE,WEY,26,150.0,10
WAT2WEY,FLE,WIN,2,26.0,10
WAT2WEY,FLE,WNF,1,2.5,4
WAT2WEY,FLE,WOO,22,124.5,10
WAT2WEY,FLE,WRM,21,117.5,10
WAT2WEY,FNB,ANF,9,64.0,7
WAT2WEY,FNB,BCU,5,69.0,69
WAT2WEY,FNB,BEU,10,68.0,7
WAT2WEY,FNB,BMH,7,89.0,67
WAT2WEY,FNB,BSK,1,19.0,70
WAT2WEY,FNB,BSM,8,94.0,52
WAT2WEY,FNB,CHR,7,83.0,29
WAT2WEY,FNB,DCH,15,136.0,71
WAT2WEY,FNB,ESL,5,40.0,11
WAT2WEY,FNB,FLE,1,2.0,10
WAT2WEY,FNB,HAM,11,109.0,71
WAT2WEY,FNB,HAV,7,52.0,1
WAT2WEY,FNB,HNA,14,89.0,9
WAT2WEY,FNB,HOK,3,8.0,4
WAT2WEY,FNB,HOL,12,110.0,25
WAT2WEY,FNB,MBK,13,50.0,1
WAT2WEY,FNB,MIC,4,22.0,4
WAT2WEY,FNB,MTN,15,131.0,56
WAT2WEY,FNB,NWM,6,77.0,44
WAT2WEY,FNB,PKS,9,97.0,52
WAT2WEY,FNB,POK,8,87.0,29
WAT2WEY,FNB,POO,10,104.0,71
WAT2WEY,FNB,RDB,14,52.0,1
WAT2WEY,FNB,SDN,11,40.5,2
WAT2WEY,FNB,SHW,4,35.0,8
WAT2WEY,FNB,SOA,3,44.0,71
WAT2WEY,FNB,SOU,4,53.0,70
WAT2WEY,FNB,SWG,10,39.5,2
WAT2WEY,FNB,SWY,12,80.0,9
WAT2WEY,FNB,TTN,8,59.0,9
WAT2WEY,FNB,UPW,17,146.0,56
WAT2WEY,FNB,WEY,17,148.0,71
WAT2WEY,FNB,WIN,2,35.0,71
WAT2WEY,FNB,WNF,2,5.0,4
WAT2WEY,FNB,WOO,14,124.0,58
WAT2WEY,FNB,WRM,12,116.0,71
WAT2WEY,FRM,ANF,3,36.0,14
WAT2WEY,FRM,BCU,2,39.0,1050
WAT2WEY,FRM,BEU,4,37.0,2
WAT2WEY,FRM,BMH,4,57.0,1040
WAT2WEY,FRM,BSM,5,67.0,717
WAT2WEY,FRM,CHR,4,58.0,351
WAT2WEY,FRM,DCH,12,106.0,1053
WAT2WEY,FRM,HAM,8,79.0,1053
WAT2WEY,FRM,HNA,6,58.0,26
WAT2WEY,FRM,HOL,9,89.0,309
WAT2WEY,FRM,MTN,11,99.0,982
WAT2WEY,FRM,NWM,3,47.0,964
WAT2WEY,FRM,PKS,6,70.0,717
WAT2WEY,FRM,POK,5,62.0,351
WAT2WEY,FRM,POO,7,73.0,1053
WAT2WEY,FRM,SOU,1,24.0,1043
WAT2WEY,FRM,SWY,4,49.0,26
WAT2WEY,FRM,TTN,2,31.0,26
WAT2WEY,FRM,UPW,13,114.0,982
WAT2WEY,FRM,WEY,14,118.0,1053
WAT2WEY,FRM,WOO,10,92.0,983
WAT2WEY,FRM,WRM,9,85.0,1053
WAT2WEY,GLD,ANF,5,92.0,14
WAT2WEY,GLD,BCU,4,100.5,1096
WAT2WEY,GLD,BEU,6,97.0,2
WAT2WEY,GLD,BMH,6,121.0,1085
WAT2WEY,GLD,BSK,2,41.0,46
WAT2WEY,GLD,BSM,7,130.0,752
WAT2WEY,GLD,CHR,6,113.0,365
WAT2WEY,GLD,DCH,14,169.0,1098
WAT2WEY,GLD,ESL,4,74.0,3
WAT2WEY,GLD,FRM,2,59.0,1051
WAT2WEY,GLD,HAM,10,141.0,1098
WAT2WEY,GLD,HAV,1,42.0,1043
WAT2WEY,GLD,HNA,9,114.0,29
WAT2WEY,GLD,HOL,11,144.0,322
WAT2WEY,GLD,HSL,1,22.0,3
WAT2WEY,GLD,MIC,3,52.0,1
WAT2WEY,GLD,MTN,13,162.0,1015
WAT2WEY,GLD,NWM,5,108.0,992
WAT2WEY,GLD,PKS,8,133.0,752
WAT2WEY,GLD,POK,7,117.0,365
WAT2WEY,GLD,POO,9,135.0,1098
WAT2WEY,GLD,PTR,2,34.0,2
WAT2WEY,GLD,SOA,4,66.0,47
WAT2WEY,GLD,SOU,3,85.0,1090
WAT2WEY,GLD,SWY,7,105.0,29
WAT2WEY,GLD,TTN,4,87.0,29
WAT2WEY,GLD,UPW,15,176.0,1015
WAT2WEY,GLD,WEY,16,181.0,1098
WAT2WEY,GLD,WIN,3,57.0,47
WAT2WEY,GLD,WOK,1,15.0,42
WAT2WEY,GLD,WOO,12,155.0,1015
WAT2WEY,GLD,WRM,11,148.0,1098
WAT2WEY,HAM,DCH,4,27.0,31751
WAT2WEY,HAM,HOL,1,4.0,13247
WAT2WEY,HAM,MTN,4,22.0,20540
WAT2WEY,HAM,UPW,6,36.0,20608
WAT2WEY,HAM,WEY,6,40.0,31751
WAT2WEY,HAM,WOO,3,15.0,25254
WAT2WEY,HAM,WRM,1,7.0,31751
WAT2WEY,HAV,ANF,4,52.0,16
WAT2WEY,HAV,BCU,3,57.0,1075
WAT2WEY,HAV,BEU,4,33.5,4
WAT2WEY,HAV,BMH,5,77.0,1058
WAT2WEY,HAV,BSK,1,8.0,1
WAT2WEY,HAV,BSM,6,83.0,742
WAT2WEY,HAV,CHR,5,72.0,357
WAT2WEY,HAV,DCH,13,126.0,1079
WAT2WEY,HAV,FRM,1,16.0,1050
WAT2WEY,HAV,HAM,9,98.0,1079
WAT2WEY,HAV,HAV,2,22.0,1
WAT2WEY,HAV,HNA,7,74.0,29
WAT2WEY,HAV,HOL,10,103.5,316
WAT2WEY,HAV,MTN,12,119.0,991
WAT2WEY,HAV,NWM,4,63.0,970
WAT2WEY,HAV,PKS,7,86.0,742
WAT2WEY,HAV,POK,6,76.0,357
WAT2WEY,HAV,POO,8,92.0,1079
WAT2WEY,HAV,SOA,3,22.0,2
WAT2WEY,HAV,SOU,2,40.0,1045
WAT2WEY,HAV,SWY,5,65.0,29
WAT2WEY,HAV,TTN,3,47.0,29
WAT2WEY,HAV,UPW,14,134.0,991
WAT2WEY,HAV,WEY,15,138.0,1079
WAT2WEY,HAV,WIN,2,13.0,2
WAT2WEY,HAV,WOO,11,112.0,999
WAT2WEY,HAV,WRM,10,105.0,1079
WAT2WEY,HER,BCU,15,75.0,1
WAT2WEY,HER,BFN,3,4.0,1
WAT2WEY,HER,BKO,6,8.0,1
WAT2WEY,HER,BMH,16,97.0,1
WAT2WEY,HER,BSK,11,23.0,1
WAT2WEY,HER,BSM,17,104.0,1
WAT2WEY,HER,DCH,25,146.0,1
WAT2WEY,HER,FLE,8,15.0,1
WAT2WEY,HER,FNB,7,12.0,1
WAT2WEY,HER,HAM,20,117.0,1
WAT2WEY,HER,HOK,10,20.0,1
WAT2WEY,HER,HOL,21,122.0,1
WAT2WEY,HER,MTN,24,139.0,1
WAT2WEY,HER,PKS,18,107.0,1
WAT2WEY,HER,POO,19,112.0,1
WAT2WEY,HER,SOA,13,49.0,1
WAT2WEY,HER,UPW,26,154.0,1
WAT2WEY,HER,WAL,1,1.0,1
WAT2WEY,HER,WBY,4,5.0,1
WAT2WEY,HER,WEY,27,158.0,1
WAT2WEY,HER,WIN,12,40.0,1
WAT2WEY,HER,WNF,9,17.0,1
WAT2WEY,HER,WOK,5,6.0,1
WAT2WEY,HER,WOO,23,133.0,1
WAT2WEY,HER,WRM,22,126.0,1
WAT2WEY,HER,WYB,2,3.0,1
WAT2WEY,HNA,BMH,3,12.0,2340
WAT2WEY,HNA,BSM,4,19.0,2237
WAT2WEY,HNA,CHR,1,4.0,2341
WAT2WEY,HNA,DCH,11,59.0,2347
WAT2WEY,HNA,HAM,7,31.0,2347
WAT2WEY,HNA,HOL,8,35.0,1069
WAT2WEY,HNA,MTN,10,52.0,2262
WAT2WEY,HNA,PKS,5,22.0,2237
WAT2WEY,HNA,POK,2,8.0,2340
WAT2WEY,HNA,POO,6,25.0,2347
WAT2WEY,HNA,UPW,12,66.0,2264
WAT2WEY,HNA,WEY,13,72.0,2347
WAT2WEY,HNA,WOO,9,45.0,2287
WAT2WEY,HNA,WRM,8,38.0,2347
WAT2WEY,HOK,ANF,8,56.0,3
WAT2WEY,HOK,BCU,10,55.0,5
WAT2WEY,HOK,BEU,9,60.0,3
WAT2WEY,HOK,BMH,16,77.0,5
WAT2WEY,HOK,BSK,1,3.0,5
WAT2WEY,HOK,BSM,17,84.0,5
WAT2WEY,HOK,CHR,14,85.0,3
WAT2WEY,HOK,DCH,24,126.0,5
WAT2WEY,HOK,ESL,4,29.5,4
WAT2WEY,HOK,HAM,20,97.0,5
WAT2WEY,HOK,HNA,13,81.0,3
WAT2WEY,HOK,HOL,18,98.5,2
WAT2WEY,HOK,MBK,10,42.0,1
WAT2WEY,HOK,MIC,2,14.5,2
WAT2WEY,HOK,MTN,23,125.5,4
WAT2WEY,HOK,NWM,12,76.0,3
WAT2WEY,HOK,PKS,18,87.0,5
WAT2WEY,HOK,POK,15,89.0,3
WAT2WEY,HOK,POO,19,92.0,5
WAT2WEY,HOK,RDB,11,44.0,1
WAT2WEY,HOK,SDN,8,33.0,2
WAT2WEY,HOK,SHW,4,26.0,4
WAT2WEY,HOK,SOA,5,29.0,5
WAT2WEY,HOK,SOU,8,40.5,4
WAT2WEY,HOK,SWG,7,32.0,2
WAT2WEY,HOK,SWY,11,72.0,3
WAT2WEY,HOK,TTN,7,51.0,3
WAT2WEY,HOK,UPW,25,140.0,4
WAT2WEY,HOK,WEY,26,138.0,5
WAT2WEY,HOK,WIN,2,20.0,5
WAT2WEY,HOK,WOO,22,113.0,5
WAT2WEY,HOK,WRM,21,106.0,5
WAT2WEY,HOL,DCH,4,25.0,13247
WAT2WEY,HOL,MTN,3,18.0,13239
WAT2WEY,HOL,UPW,5,32.0,13221
WAT2WEY,HOL,WEY,6,38.0,13247
WAT2WEY,HOL,WOO,2,11.0,13243
WAT2WEY,HOL,WRM,1,4.0,13247
WAT2WEY,HSL,BCU,5,82.0,3
WAT2WEY,HSL,BMH,7,100.0,3
WAT2WEY,HSL,BSM,8,109.0,3
WAT2WEY,HSL,DCH,15,148.0,3
WAT2WEY,HSL,FRM,3,41.0,3
WAT2WEY,HSL,HAM,11,121.0,3
WAT2WEY,HSL,HAV,2,26.0,3
WAT2WEY,HSL,MTN,14,140.5,2
WAT2WEY,HSL,NWM,6,88.0,2
WAT2WEY,HSL,PKS,9,112.0,3
WAT2WEY,HSL,POO,10,115.0,3
WAT2WEY,HSL,PTR,1,12.0,2
WAT2WEY,HSL,SOU,4,65.0,3
WAT2WEY,HSL,UPW,16,156.0,2
WAT2WEY,HSL,WEY,17,160.0,3
WAT2WEY,HSL,WOO,13,133.5,2
WAT2WEY,HSL,WRM,12,127.0,3
WAT2WEY,MBK,ANF,3,7.0,7
WAT2WEY,MBK,BCU,5,12.0,9
WAT2WEY,MBK,BEU,4,8.0,7
WAT2WEY,MBK,BMH,11,29.0,9
WAT2WEY,MBK,BSM,12,36.5,8
WAT2WEY,MBK,CHR,9,27.0,7
WAT2WEY,MBK,DCH,18,78.0,9
WAT2WEY,MBK,HAM,15,49.0,9
WAT2WEY,MBK,HNA,8,23.0,7
WAT2WEY,MBK,HOL,14,53.0,5
WAT2WEY,MBK,MTN,17,71.0,7
WAT2WEY,MBK,NWM,7,20.0,7
WAT2WEY,MBK,PKS,13,39.5,8
WAT2WEY,MBK,POK,10,30.0,7
WAT2WEY,MBK,POO,14,44.0,9
WAT2WEY,MBK,RDB,1,2.0,9
WAT2WEY,MBK,SWY,6,18.0,7
WAT2WEY,MBK,TTN,2,3.5,8
WAT2WEY,MBK,UPW,19,87.0,7
WAT2WEY,MBK,WEY,20,91.0,9
WAT2WEY,MBK,WOO,17,64.0,9
WAT2WEY,MBK,WRM,16,57.0,9
WAT2WEY,MIC,ANF,9,38.0,4
WAT2WEY,MIC,BCU,6,47.0,168
WAT2WEY,MIC,BEU,10,40.5,4
WAT2WEY,MIC,BMH,12,74.0,173
WAT2WEY,MIC,BSM,13,80.0,164
WAT2WEY,MIC,CHR,10,66.0,151
WAT2WEY,MIC,DCH,20,119.0,173
WAT2WEY,MIC,ESL,2,17.0,161
WAT2WEY,MIC,HAM,16,92.0,173
WAT2WEY,MIC,HNA,9,61.0,142
WAT2WEY,MIC,HOL,12,84.0,17
WAT2WEY,MIC,MBK,8,28.0,2
WAT2WEY,MIC,MTN,19,112.0,163
WAT2WEY,MIC,NWM,8,57.0,153
WAT2WEY,MIC,PKS,14,83.0,164
WAT2WEY,MIC,POK,11,70.0,151
WAT2WEY,MIC,POO,15,87.0,173
WAT2WEY,MIC,RDB,9,30.0,2
WAT2WEY,MIC,SDN,6,19.0,3
WAT2WEY,MIC,SHW,2,10.0,11
WAT2WEY,MIC,SOA,3,21.0,173
WAT2WEY,MIC,SOU,4,29.0,173
WAT2WEY,MIC,SWG,5,17.0,3
WAT2WEY,MIC,SWY,7,52.0,142
WAT2WEY,MIC,TTN,5,36.0,143
WAT2WEY,MIC,UPW,21,126.0,163
WAT2WEY,MIC,WEY,22,131.0,173
WAT2WEY,MIC,WIN,1,8.0,173
WAT2WEY,MIC,WOO,18,105.0,171
WAT2WEY,MIC,WRM,17,99.0,173
WAT2WEY,MTN,DCH,1,7.0,20539
WAT2WEY,MTN,UPW,2,15.0,20515
WAT2WEY,MTN,WEY,3,21.0,20540
WAT2WEY,MTN,WOO,4,21.0,1
WAT2WEY,NWM,BMH,3,15.0,12586
WAT2WEY,NWM,BSM,5,23.0,4297
WAT2WEY,NWM,CHR,1,7.0,10645
WAT2WEY,NWM,DCH,10,63.0,12633
WAT2WEY,NWM,HAM,5,34.0,12633
WAT2WEY,NWM,HNA,1,5.0,2342
WAT2WEY,NWM,HOL,6,39.0,9186
WAT2WEY,NWM,MTN,9,56.0,12539
WAT2WEY,NWM,NWM,1,1.0,1
WAT2WEY,NWM,PKS,6,26.0,4297
WAT2WEY,NWM,POK,2,11.0,10629
WAT2WEY,NWM,POO,4,28.0,12632
WAT2WEY,NWM,UPW,11,70.0,12540
WAT2WEY,NWM,WEY,12,77.0,12633
WAT2WEY,NWM,WOO,8,49.0,12572
WAT2WEY,NWM,WRM,7,42.0,12633
WAT2WEY,PKS,DCH,6,36.0,23215
WAT2WEY,PKS,HAM,2,9.0,23215
WAT2WEY,PKS,HOL,3,14.0,4876
WAT2WEY,PKS,MTN,5,30.0,12005
WAT2WEY,PKS,POO,1,4.0,23216
WAT2WEY,PKS,UPW,7,44.0,12073
WAT2WEY,PKS,WEY,8,48.0,23215
WAT2WEY,PKS,WOO,4,23.0,16718
WAT2WEY,PKS,WRM,3,16.0,23215
WAT2WEY,POK,BMH,1,4.0,10592
WAT2WEY,POK,BSM,2,11.0,2291
WAT2WEY,POK,DCH,8,52.0,10627
WAT2WEY,POK,HAM,3,23.0,10627
WAT2WEY,POK,HOL,4,27.0,9182
WAT2WEY,POK,MTN,7,45.0,10542
WAT2WEY,POK,PKS,3,14.0,2291
WAT2WEY,POK,POK,1,1.0,1
WAT2WEY,POK,POO,2,17.0,10626
WAT2WEY,POK,UPW,9,59.0,10544
WAT2WEY,POK,WEY,10,66.0,10627
WAT2WEY,POK,WOO,6,38.0,10569
WAT2WEY,POK,WRM,5,31.0,10627
WAT2WEY,POO,DCH,5,33.0,31752
WAT2WEY,POO,HAM,1,5.0,31752
WAT2WEY,POO,HOL,2,10.0,13247
WAT2WEY,POO,MTN,5,27.0,20540
WAT2WEY,POO,POO,1,2.0,1
WAT2WEY,POO,UPW,7,42.0,20608
WAT2WEY,POO,WEY,7,45.0,31752
WAT2WEY,POO,WOO,4,20.0,25254
WAT2WEY,POO,WRM,2,12.0,31752
WAT2WEY,PTR,BCU,4,69.0,2
WAT2WEY,PTR,BMH,6,87.0,2
WAT2WEY,PTR,BSM,7,96.5,2
WAT2WEY,PTR,DCH,14,136.0,2
WAT2WEY,PTR,FRM,2,29.0,2
WAT2WEY,PTR,HAM,10,108.5,2
WAT2WEY,PTR,HAV,1,14.0,2
WAT2WEY,PTR,MTN,13,128.5,2
WAT2WEY,PTR,NWM,5,76.0,2
WAT2WEY,PTR,PKS,8,99.5,2
WAT2WEY,PTR,POO,9,102.5,2
WAT2WEY,PTR,SOU,3,53.0,2
WAT2WEY,PTR,UPW,15,144.0,2
WAT2WEY,PTR,WEY,16,148.0,2
WAT2WEY,PTR,WOO,12,121.5,2
WAT2WEY,PTR,WRM,11,114.5,2
WAT2WEY,RDB,ANF,2,5.0,11
WAT2WEY,RDB,BCU,4,10.0,13
WAT2WEY,RDB,BEU,3,6.0,11
WAT2WEY,RDB,BMH,10,29.0,13
WAT2WEY,RDB,BSM,11,35.5,12
WAT2WEY,RDB,CHR,8,25.0,11
WAT2WEY,RDB,DCH,18,79.0,13
WAT2WEY,RDB,HAM,14,48.0,13
WAT2WEY,RDB,HNA,7,22.0,11
WAT2WEY,RDB,HOL,14,50.5,6
WAT2WEY,RDB,MTN,17,74.0,11
WAT2WEY,RDB,NWM,6,20.0,11
WAT2WEY,RDB,PKS,12,38.5,12
WAT2WEY,RDB,POK,9,29.0,11
WAT2WEY,RDB,POO,13,42.0,13
WAT2WEY,RDB,SWY,5,18.0,11
WAT2WEY,RDB,TTN,1,1.0,12
WAT2WEY,RDB,UPW,19,88.0,11
WAT2WEY,RDB,WEY,20,93.0,13
WAT2WEY,RDB,WOO,16,63.0,13
WAT2WEY,RDB,WRM,15,55.0,13
WAT2WEY,SDN,ANF,4,16.0,7
WAT2WEY,SDN,BCU,3,22.0,17
WAT2WEY,SDN,BEU,5,20.0,7
WAT2WEY,SDN,BMH,9,46.5,18
WAT2WEY,SDN,BSM,10,55.0,17
WAT2WEY,SDN,CHR,9,41.0,12
WAT2WEY,SDN,DCH,18,94.0,18
WAT2WEY,SDN,HAM,13,65.5,18
WAT2WEY,SDN,HNA,8,37.0,11
WAT2WEY,SDN,HOL,14,69.0,7
WAT2WEY,SDN,MBK,2,8.0,4
WAT2WEY,SDN,MTN,18,89.0,14
WAT2WEY,SDN,NWM,7,31.5,12
WAT2WEY,SDN,PKS,11,58.0,17
WAT2WEY,SDN,POK,10,45.0,12
WAT2WEY,SDN,POO,12,60.0,18
WAT2WEY,SDN,RDB,3,9.0,5
WAT2WEY,SDN,SOU,1,4.0,18
WAT2WEY,SDN,SWY,6,28.0,11
WAT2WEY,SDN,TTN,2,11.0,11
WAT2WEY,SDN,UPW,20,103.0,14
WAT2WEY,SDN,WEY,20,107.0,18
WAT2WEY,SDN,WOO,17,82.0,15
WAT2WEY,SDN,WRM,15,73.5,18
WAT2WEY,SHW,ANF,5,29.0,910
WAT2WEY,SHW,BCU,5,36.5,1838
WAT2WEY,SHW,BEU,6,33.0,910
WAT2WEY,SHW,BMH,11,64.0,1834
WAT2WEY,SHW,BSM,12,71.0,1836
WAT2WEY,SHW,CHR,11,56.0,1823
WAT2WEY,SHW,DCH,20,111.0,1840
WAT2WEY,SHW,ESL,1,6.0,1836
WAT2WEY,SHW,FRM,3,29.0,1
WAT2WEY,SHW,HAM,15,83.0,1840
WAT2WEY,SHW,HAV,3,18.0,4
WAT2WEY,SHW,HNA,10,52.0,1819
WAT2WEY,SHW,HOL,16,85.0,949
WAT2WEY,SHW,MBK,6,19.0,4
WAT2WEY,SHW,MTN,20,105.0,1829
WAT2WEY,SHW,NWM,9,47.0,1823
WAT2WEY,SHW,PKS,13,74.0,1836
WAT2WEY,SHW,POK,12,60.0,1823
WAT2WEY,SHW,POO,14,77.0,1840
WAT2WEY,SHW,RDB,7,22.0,7
WAT2WEY,SHW,SDN,4,13.0,11
WAT2WEY,SHW,SOA,2,10.0,1840
WAT2WEY,SHW,SOU,3,18.0,1838
WAT2WEY,SHW,SWG,3,12.0,12
WAT2WEY,SHW,SWY,8,43.0,1819
WAT2WEY,SHW,TTN,4,25.0,1819
WAT2WEY,SHW,UPW,22,119.0,1830
WAT2WEY,SHW,WEY,22,124.0,1840
WAT2WEY,SHW,WOO,18,98.0,1836
WAT2WEY,SHW,WRM,17,91.0,1840
WAT2WEY,SNS,BCU,9,115.0,3
WAT2WEY,SNS,BMH,15,142.0,3
WAT2WEY,SNS,BSK,2,57.0,3
WAT2WEY,SNS,BSM,16,148.0,3
WAT2WEY,SNS,CHR,13,134.0,3
WAT2WEY,SNS,DCH,23,187.0,3
WAT2WEY,SNS,ESL,5,85.0,3
WAT2WEY,SNS,HAM,19,160.0,3
WAT2WEY,SNS,HNA,12,129.0,3
WAT2WEY,SNS,MIC,3,68.0,3
WAT2WEY,SNS,MTN,22,180.0,3
WAT2WEY,SNS,NWM,11,125.0,3
WAT2WEY,SNS,PKS,17,151.0,3
WAT2WEY,SNS,POK,14,138.0,3
WAT2WEY,SNS,POO,18,155.0,3
WAT2WEY,SNS,SOA,6,89.0,3
WAT2WEY,SNS,SOU,7,97.0,3
WAT2WEY,SNS,SWY,10,120.0,3
WAT2WEY,SNS,TTN,8,104.0,3
WAT2WEY,SNS,UPW,24,194.0,3
WAT2WEY,SNS,WEY,25,199.0,3
WAT2WEY,SNS,WIN,4,76.0,3
WAT2WEY,SNS,WOK,1,22.0,3
WAT2WEY,SNS,WOO,21,173.0,3
WAT2WEY,SNS,WRM,20,167.0,3
WAT2WEY,SOA,ANF,3,20.0,1181
WAT2WEY,SOA,BCU,2,24.0,27337
WAT2WEY,SOA,BEU,4,24.0,967
WAT2WEY,SOA,BMH,3,41.0,30572
WAT2WEY,SOA,BSM,4,48.0,22498
WAT2WEY,SOA,CHR,4,40.0,10298
WAT2WEY,SOA,DCH,11,89.0,30701
WAT2WEY,SOA,FRM,2,25.0,2
WAT2WEY,SOA,HAM,7,62.0,30701
WAT2WEY,SOA,HAV,1,17.0,27
WAT2WEY,SOA,HNA,6,40.0,2322
WAT2WEY,SOA,HOL,9,70.0,12940
WAT2WEY,SOA,MBK,3,12.0,9
WAT2WEY,SOA,MTN,12,88.0,19560
WAT2WEY,SOA,NWM,3,32.0,11672
WAT2WEY,SOA,PKS,5,51.0,22499
WAT2WEY,SOA,POK,5,44.0,10279
WAT2WEY,SOA,POO,6,56.0,30701
WAT2WEY,SOA,RDB,3,14.0,13
WAT2WEY,SOA,SDN,2,4.0,18
WAT2WEY,SOA,SOA,1,2.0,1
WAT2WEY,SOA,SOU,1,8.0,30631
WAT2WEY,SOA,SWG,1,3.0,22
WAT2WEY,SOA,SWY,4,31.0,2318
WAT2WEY,SOA,TTN,2,15.0,2816
WAT2WEY,SOA,UPW,14,102.0,19628
WAT2WEY,SOA,WEY,13,102.0,30701
WAT2WEY,SOA,WOO,10,77.0,24274
WAT2WEY,SOA,WRM,8,68.0,30701
WAT2WEY,SOU,ANF,2,12.0,1195
WAT2WEY,SOU,BCU,1,16.0,28387
WAT2WEY,SOU,BEU,3,16.0,969
WAT2WEY,SOU,BMH,2,33.0,31610
WAT2WEY,SOU,BSM,3,40.0,23214
WAT2WEY,SOU,CHR,3,31.0,10648
WAT2WEY,SOU,DCH,10,81.0,31752
WAT2WEY,SOU,FRM,2,16.0,1
WAT2WEY,SOU,HAM,6,54.0,31752
WAT2WEY,SOU,HAV,1,6.5,2
WAT2WEY,SOU,HNA,5,32.0,2348
WAT2WEY,SOU,HOL,8,62.0,13248
WAT2WEY,SOU,MBK,1,5.0,9
WAT2WEY,SOU,MTN,11,79.0,20541
WAT2WEY,SOU,NWM,2,24.0,12635
WAT2WEY,SOU,PKS,4,43.0,23215
WAT2WEY,SOU,POK,4,35.0,10629
WAT2WEY,SOU,POO,5,48.0,31752
WAT2WEY,SOU,RDB,2,5.0,13
WAT2WEY,SOU,SOU,1,3.0,1
WAT2WEY,SOU,SWY,3,23.0,2344
WAT2WEY,SOU,TTN,1,7.0,2842
WAT2WEY,SOU,UPW,13,93.0,20609
WAT2WEY,SOU,WEY,12,94.0,31752
WAT2WEY,SOU,WOO,9,69.0,25255
WAT2WEY,SOU,WRM,7,61.0,31752
WAT2WEY,SUR,BCU,9,91.0,141
WAT2WEY,SUR,BFN,5,7.0,1
WAT2WEY,SUR,BKO,8,11.0,1
WAT2WEY,SUR,BMH,15,118.0,141
WAT2WEY,SUR,BSK,2,32.0,134
WAT2WEY,SUR,BSM,16,124.0,141
WAT2WEY,SUR,CHR,13,110.0,135
WAT2WEY,SUR,DCH,23,163.0,141
WAT2WEY,SUR,ESH,1,2.0,1
WAT2WEY,SUR,ESL,5,60.0,131
WAT2WEY,SUR,FLE,10,18.0,1
WAT2WEY,SUR,FNB,6,19.5,2
WAT2WEY,SUR,FRM,3,84.0,5
WAT2WEY,SUR,GLD,1,26.0,6
WAT2WEY,SUR,HAM,19,136.0,141
WAT2WEY,SUR,HAV,2,71.0,5
WAT2WEY,SUR,HER,2,3.0,1
WAT2WEY,SUR,HNA,12,105.0,135
WAT2WEY,SUR,HOK,12,23.0,1
WAT2WEY,SUR,HOL,20,138.0,7
WAT2WEY,SUR,MIC,3,44.0,126
WAT2WEY,SUR,MTN,22,156.0,138
WAT2WEY,SUR,NWM,11,101.0,135
WAT2WEY,SUR,PKS,17,127.0,141
WAT2WEY,SUR,POK,14,114.0,135
WAT2WEY,SUR,POO,18,131.0,141
WAT2WEY,SUR,SHW,4,53.0,4
WAT2WEY,SUR,SOA,6,64.0,136
WAT2WEY,SUR,SOU,7,73.0,140
WAT2WEY,SUR,SWY,10,96.0,135
WAT2WEY,SUR,TTN,8,80.0,135
WAT2WEY,SUR,UPW,24,170.0,138
WAT2WEY,SUR,WAL,3,4.0,1
WAT2WEY,SUR,WBY,6,8.0,1
WAT2WEY,SUR,WEY,25,175.0,141
WAT2WEY,SUR,WIN,4,51.0,136
WAT2WEY,SUR,WNF,11,20.0,1
WAT2WEY,SUR,WOK,1,12.0,137
WAT2WEY,SUR,WOO,21,149.0,139
WAT2WEY,SUR,WRM,20,143.0,141
WAT2WEY,SUR,WYB,4,6.0,1
WAT2WEY,SWG,ANF,4,17.0,9
WAT2WEY,SWG,BCU,4,23.0,22
WAT2WEY,SWG,BEU,6,21.0,8
WAT2WEY,SWG,BMH,10,46.0,22
WAT2WEY,SWG,BSM,11,52.5,20
WAT2WEY,SWG,CHR,10,43.0,14
WAT2WEY,SWG,DCH,18,94.0,22
WAT2WEY,SWG,HAM,14,64.5,22
WAT2WEY,SWG,HNA,9,40.5,12
WAT2WEY,SWG,HOL,15,70.0,7
WAT2WEY,SWG,MBK,3,9.0,5
WAT2WEY,SWG,MTN,18,90.0,18
WAT2WEY,SWG,NWM,8,33.5,14
WAT2WEY,SWG,PKS,12,55.5,20
WAT2WEY,SWG,POK,11,47.0,14
WAT2WEY,SWG,POO,13,59.5,22
WAT2WEY,SWG,RDB,4,10.5,6
WAT2WEY,SWG,SDN,1,1.0,16
WAT2WEY,SWG,SOU,2,5.0,22
WAT2WEY,SWG,SWY,7,31.5,12
WAT2WEY,SWG,TTN,3,12.0,13
WAT2WEY,SWG,UPW,20,104.0,18
WAT2WEY,SWG,WEY,20,107.0,22
WAT2WEY,SWG,WOO,17,83.0,19
WAT2WEY,SWG,WRM,16,73.5,22
WAT2WEY,SWY,BMH,5,21.0,2336
WAT2WEY,SWY,BSM,6,28.0,2235
WAT2WEY,SWY,CHR,3,13.0,2338
WAT2WEY,SWY,DCH,13,68.0,2343
WAT2WEY,SWY,HAM,9,40.0,2343
WAT2WEY,SWY,HNA,2,9.0,2340
WAT2WEY,SWY,HOL,10,44.0,1067
WAT2WEY,SWY,MTN,12,61.0,2257
WAT2WEY,SWY,NWM,1,4.0,2339
WAT2WEY,SWY,PKS,7,31.0,2235
WAT2WEY,SWY,POK,4,17.0,2337
WAT2WEY,SWY,POO,8,34.0,2343
WAT2WEY,SWY,UPW,14,75.0,2259
WAT2WEY,SWY,WEY,15,80.0,2343
WAT2WEY,SWY,WOO,11,54.0,2281
WAT2WEY,SWY,WRM,10,47.0,2343
WAT2WEY,TTN,ANF,1,5.0,1190
WAT2WEY,TTN,BCU,1,11.0,2842
WAT2WEY,TTN,BEU,2,9.0,967
WAT2WEY,TTN,BMH,7,38.0,2834
WAT2WEY,TTN,BSM,8,44.0,2584
WAT2WEY,TTN,CHR,5,30.0,2475
WAT2WEY,TTN,DCH,16,85.0,2842
WAT2WEY,TTN,HAM,11,56.0,2842
WAT2WEY,TTN,HNA,4,25.0,2264
WAT2WEY,TTN,HOL,12,60.0,1215
WAT2WEY,TTN,MTN,15,78.0,2746
WAT2WEY,TTN,NWM,3,21.0,2477
WAT2WEY,TTN,PKS,9,47.0,2584
WAT2WEY,TTN,POK,6,34.0,2470
WAT2WEY,TTN,POO,10,50.0,2842
WAT2WEY,TTN,SWY,2,16.0,2266
WAT2WEY,TTN,UPW,17,92.0,2751
WAT2WEY,TTN,WEY,18,97.0,2842
WAT2WEY,TTN,WOO,14,71.0,2771
WAT2WEY,TTN,WRM,13,64.0,2842
WAT2WEY,UPW,WEY,1,5.0,20608
WAT2WEY,UPW,WOO,2,6.0,1
WAT2WEY,VIR,BCU,6,91.0,1
WAT2WEY,VIR,BMH,8,109.0,1
WAT2WEY,VIR,BSK,2,41.0,1
WAT2WEY,VIR,BSM,9,118.0,1
WAT2WEY,VIR,DCH,16,158.0,1
WAT2WEY,VIR,HAM,12,130.0,1
WAT2WEY,VIR,MTN,15,150.0,1
WAT2WEY,VIR,NWM,7,98.0,1
WAT2WEY,VIR,PKS,10,121.0,1
WAT2WEY,VIR,POO,11,125.0,1
WAT2WEY,VIR,SOA,4,67.0,1
WAT2WEY,VIR,SOU,5,75.0,1
WAT2WEY,VIR,UPW,17,165.0,1
WAT2WEY,VIR,WEY,18,170.0,1
WAT2WEY,VIR,WIN,3,57.0,1
WAT2WEY,VIR,WOK,1,14.0,1
WAT2WEY,VIR,WOO,14,143.0,1
WAT2WEY,VIR,WRM,13,137.0,1
WAT2WEY,VXH,BCU,6,91.0,1
WAT2WEY,VXH,BMH,10,115.0,1
WAT2WEY,VXH,BSK,2,39.0,1
WAT2WEY,VXH,CHR,8,106.0,1
WAT2WEY,VXH,DCH,17,163.0,1
WAT2WEY,VXH,HAM,12,133.0,1
WAT2WEY,VXH,HOL,13,138.0,1
WAT2WEY,VXH,MTN,16,156.0,1
WAT2WEY,VXH,NWM,7,98.0,1
WAT2WEY,VXH,POK,9,110.0,1
WAT2WEY,VXH,POO,11,128.0,1
WAT2WEY,VXH,SOA,4,65.0,1
WAT2WEY,VXH,SOU,5,74.0,1
WAT2WEY,VXH,UPW,18,171.0,1
WAT2WEY,VXH,WEY,19,178.0,1
WAT2WEY,VXH,WIN,3,56.0,1
WAT2WEY,VXH,WOO,15,150.0,1
WAT2WEY,VXH,WRM,14,142.0,1
WAT2WEY,WAL,BCU,14,74.0,1
WAT2WEY,WAL,BFN,2,3.0,1
WAT2WEY,WAL,BKO,5,7.0,1
WAT2WEY,WAL,BMH,15,96.0,1
WAT2WEY,WAL,BSK,10,22.0,1
WAT2WEY,WAL,BSM,16,103.0,1
WAT2WEY,WAL,DCH,24,145.0,1
WAT2WEY,WAL,FLE,7,14.0,1
WAT2WEY,WAL,FNB,6,11.0,1
WAT2WEY,WAL,HAM,19,116.0,1
WAT2WEY,WAL,HOK,9,19.0,1
WAT2WEY,WAL,HOL,20,121.0,1
WAT2WEY,WAL,MTN,23,138.0,1
WAT2WEY,WAL,PKS,17,106.0,1
WAT2WEY,WAL,POO,18,111.0,1
WAT2WEY,WAL,SOA,12,48.0,1
WAT2WEY,WAL,UPW,25,153.0,1
WAT2WEY,WAL,WBY,3,4.0,1
WAT2WEY,WAL,WEY,26,157.0,1
WAT2WEY,WAL,WIN,11,39.0,1
WAT2WEY,WAL,WNF,8,16.0,1
WAT2WEY,WAL,WOK,4,5.0,1
WAT2WEY,WAL,WOO,22,132.0,1
WAT2WEY,WAL,WRM,21,125.0,1
WAT2WEY,WAL,WYB,1,2.0,1
WAT2WEY,WAT,ANF,10,99.0,1195
WAT2WEY,WAT,BCU,6,93.0,28385
WAT2WEY,WAT,BEU,11,103.0,969
WAT2WEY,WAT,BFN,7,23.0,1
WAT2WEY,WAT,BKO,3,27.0,4
WAT2WEY,WAT,BMH,7,111.0,31609
WAT2WEY,WAT,BSK,2,43.0,20082
WAT2WEY,WAT,BSM,7,115.0,23214
WAT2WEY,WAT,CHR,8,108.0,10646
WAT2WEY,WAT,CLJ,1,7.0,349
WAT2WEY,WAT,DCH,15,158.0,31751
WAT2WEY,WAT,EFF,2,32.0,1
WAT2WEY,WAT,ESH,3,18.0,1
WAT2WEY,WAT,ESL,6,75.0,3172
WAT2WEY,WAT,FLE,4,37.0,10
WAT2WEY,WAT,FNB,3,35.0,70
WAT2WEY,WAT,FRM,5,102.0,1053
WAT2WEY,WAT,GLD,3,39.0,1091
WAT2WEY,WAT,HAM,11,130.0,31751
WAT2WEY,WAT,HAV,4,83.0,1070
WAT2WEY,WAT,HER,4,19.0,1
WAT2WEY,WAT,HNA,14,122.0,2347
WAT2WEY,WAT,HOK,7,39.0,5
WAT2WEY,WAT,HOL,13,138.0,13247
WAT2WEY,WAT,HSL,3,61.0,3
WAT2WEY,WAT,MBK,7,80.0,9
WAT2WEY,WAT,MIC,6,63.0,173
WAT2WEY,WAT,MTN,16,156.0,20540
WAT2WEY,WAT,NWM,7,101.0,12633
WAT2WEY,WAT,PKS,8,118.0,23215
WAT2WEY,WAT,POK,9,112.0,10627
WAT2WEY,WAT,POO,10,124.0,31751
WAT2WEY,WAT,PTR,4,73.0,2
WAT2WEY,WAT,RDB,9,84.0,13
WAT2WEY,WAT,SDN,9,81.0,18
WAT2WEY,WAT,SHW,6,70.5,1840
WAT2WEY,WAT,SNS,2,26.0,3
WAT2WEY,WAT,SOA,4,68.0,30701
WAT2WEY,WAT,SOU,5,76.0,31672
WAT2WEY,WAT,SUR,3,20.0,137
WAT2WEY,WAT,SWG,8,74.5,22
WAT2WEY,WAT,SWY,12,113.0,2343
WAT2WEY,WAT,TTN,9,94.0,2842
WAT2WEY,WAT,UPW,18,170.0,20608
WAT2WEY,WAT,VIR,2,39.0,1
WAT2WEY,WAT,VXH,1,3.0,1
WAT2WEY,WAT,WAL,5,20.0,1
WAT2WEY,WAT,WBY,8,24.0,1
WAT2WEY,WAT,WEY,17,171.0,31751
WAT2WEY,WAT,WIM,2,13.0,1046
WAT2WEY,WAT,WIN,3,59.0,30687
WAT2WEY,WAT,WNF,6,36.5,4
WAT2WEY,WAT,WOK,1,23.0,16921
WAT2WEY,WAT,WOO,14,149.0,25254
WAT2WEY,WAT,WRM,13,138.0,31751
WAT2WEY,WAT,WYB,4,22.0,2
WAT2WEY,WBY,BCU,11,70.0,1
WAT2WEY,WBY,BKO,2,3.0,1
WAT2WEY,WBY,BMH,12,92.0,1
WAT2WEY,WBY,BSK,7,18.0,1
WAT2WEY,WBY,BSM,13,99.0,1
WAT2WEY,WBY,DCH,21,141.0,1
WAT2WEY,WBY,FLE,4,10.0,1
WAT2WEY,WBY,FNB,3,7.0,1
WAT2WEY,WBY,HAM,16,112.0,1
WAT2WEY,WBY,HOK,6,15.0,1
WAT2WEY,WBY,HOL,17,117.0,1
WAT2WEY,WBY,MTN,20,134.0,1
WAT2WEY,WBY,PKS,14,102.0,1
WAT2WEY,WBY,POO,15,107.0,1
WAT2WEY,WBY,SOA,9,44.0,1
WAT2WEY,WBY,UPW,22,149.0,1
WAT2WEY,WBY,WEY,23,153.0,1
WAT2WEY,WBY,WIN,8,35.0,1
WAT2WEY,WBY,WNF,5,12.0,1
WAT2WEY,WBY,WOK,1,1.0,1
WAT2WEY,WBY,WOO,19,128.0,1
WAT2WEY,WBY,WRM,18,121.0,1
WAT2WEY,WIM,ANF,6,75.0,10
WAT2WEY,WIM,BCU,9,95.0,1146
WAT2WEY,WIM,BMH,15,121.0,1141
WAT2WEY,WIM,BSK,2,37.0,1066
WAT2WEY,WIM,BSM,16,128.0,1145
WAT2WEY,WIM,CHR,13,113.0,1041
WAT2WEY,WIM,DCH,24,169.0,1146
WAT2WEY,WIM,ESL,5,65.0,1035
WAT2WEY,WIM,FNB,3,31.0,1
WAT2WEY,WIM,FRM,4,91.0,5
WAT2WEY,WIM,GLD,2,33.0,6
WAT2WEY,WIM,HAM,19,140.0,1146
WAT2WEY,WIM,HAV,4,78.0,7
WAT2WEY,WIM,HNA,12,109.0,1040
WAT2WEY,WIM,HOL,20,144.0,912
WAT2WEY,WIM,MBK,10,80.0,1
WAT2WEY,WIM,MIC,4,51.0,126
WAT2WEY,WIM,MTN,23,162.0,1136
WAT2WEY,WIM,NWM,11,104.0,1070
WAT2WEY,WIM,PKS,17,131.0,1145
WAT2WEY,WIM,POK,14,117.0,1041
WAT2WEY,WIM,POO,18,134.0,1146
WAT2WEY,WIM,RDB,11,82.0,1
WAT2WEY,WIM,SDN,8,73.0,3
WAT2WEY,WIM,SHW,4,59.0,909
WAT2WEY,WIM,SOA,6,69.0,1141
WAT2WEY,WIM,SOU,7,77.0,1145
WAT2WEY,WIM,SUR,1,7.0,135
WAT2WEY,WIM,SWG,7,72.0,3
WAT2WEY,WIM,SWY,10,100.0,1040
WAT2WEY,WIM,TTN,8,84.0,1050
WAT2WEY,WIM,UPW,25,176.0,1136
WAT2WEY,WIM,WEY,26,181.0,1146
WAT2WEY,WIM,WIN,3,54.0,1141
WAT2WEY,WIM,WOK,1,16.0,1141
WAT2WEY,WIM,WOO,22,155.0,1137
WAT2WEY,WIM,WRM,21,148.0,1146
WAT2WEY,WIN,ANF,6,35.0,1181
WAT2WEY,WIN,BCU,3,33.0,27335
WAT2WEY,WIN,BEU,7,39.0,967
WAT2WEY,WIN,BMH,4,51.0,30571
WAT2WEY,WIN,BSM,5,58.0,22498
WAT2WEY,WIN,CHR,5,49.0,10296
WAT2WEY,WIN,DCH,12,98.0,30700
WAT2WEY,WIN,ESL,2,11.0,3172
WAT2WEY,WIN,FRM,4,34.0,2
WAT2WEY,WIN,HAM,8,71.0,30700
WAT2WEY,WIN,HAV,2,26.0,27
WAT2WEY,WIN,HNA,9,55.0,2321
WAT2WEY,WIN,HOL,10,79.0,12939
WAT2WEY,WIN,MBK,5,22.0,9
WAT2WEY,WIN,MTN,13,97.0,19559
WAT2WEY,WIN,NWM,4,41.0,11670
WAT2WEY,WIN,PKS,6,61.0,22499
WAT2WEY,WIN,POK,6,53.0,10277
WAT2WEY,WIN,POO,7,66.0,30700
WAT2WEY,WIN,RDB,5,24.0,13
WAT2WEY,WIN,SDN,5,18.5,18
WAT2WEY,WIN,SHW,1,5.0,1840
WAT2WEY,WIN,SOA,1,9.0,30701
WAT2WEY,WIN,SOU,2,17.0,30629
WAT2WEY,WIN,SWG,4,15.5,22
WAT2WEY,WIN,SWY,7,46.0,2317
WAT2WEY,WIN,TTN,5,30.0,2816
WAT2WEY,WIN,UPW,15,111.0,19627
WAT2WEY,WIN,WEY,14,111.0,30700
WAT2WEY,WIN,WOK,1,2.0,1
WAT2WEY,WIN,WOO,11,87.0,24273
WAT2WEY,WIN,WRM,9,79.0,30700
WAT2WEY,WNF,ANF,12,55.5,2
WAT2WEY,WNF,BCU,11,57.5,4
WAT2WEY,WNF,BEU,12,58.0,2
WAT2WEY,WNF,BMH,14,77.0,4
WAT2WEY,WNF,BSK,2,6.0,4
WAT2WEY,WNF,BSM,16,84.0,4
WAT2WEY,WNF,CHR,18,79.0,2
WAT2WEY,WNF,DCH,22,126.5,4
WAT2WEY,WNF,ESL,6,30.0,3
WAT2WEY,WNF,HAM,18,96.5,4
WAT2WEY,WNF,HNA,16,75.5,2
WAT2WEY,WNF,HOK,1,3.0,4
WAT2WEY,WNF,HOL,20,101.5,2
WAT2WEY,WNF,MBK,11,45.0,1
WAT2WEY,WNF,MIC,3,17.0,2
WAT2WEY,WNF,MTN,24,122.0,3
WAT2WEY,WNF,NWM,16,72.0,2
WAT2WEY,WNF,PKS,16,87.0,4
WAT2WEY,WNF,POK,18,82.0,2
WAT2WEY,WNF,POO,18,91.5,4
WAT2WEY,WNF,RDB,12,47.0,1
WAT2WEY,WNF,SDN,9,35.5,2
WAT2WEY,WNF,SHW,5,27.0,3
WAT2WEY,WNF,SOA,6,32.0,4
WAT2WEY,WNF,SOU,10,40.0,3
WAT2WEY,WNF,SWG,8,34.5,2
WAT2WEY,WNF,SWY,14,68.5,2
WAT2WEY,WNF,TTN,10,51.0,2
WAT2WEY,WNF,UPW,26,137.0,3
WAT2WEY,WNF,WEY,24,140.0,4
WAT2WEY,WNF,WIN,4,23.0,4
WAT2WEY,WNF,WOO,20,113.0,4
WAT2WEY,WNF,WRM,20,105.5,4
WAT2WEY,WOK,ANF,8,73.0,1128
WAT2WEY,WOK,BCU,4,68.0,17808
WAT2WEY,WOK,BEU,9,77.0,942
WAT2WEY,WOK,BKO,1,2.5,4
WAT2WEY,WOK,BMH,5,84.0,17754
WAT2WEY,WOK,BSK,1,20.0,6624
WAT2WEY,WOK,BSM,6,92.0,17012
WAT2WEY,WOK,CHR,12,98.0,3057
WAT2WEY,WOK,DCH,13,130.0,17848
WAT2WEY,WOK,ESL,4,49.0,3134
WAT2WEY,WOK,FLE,2,11.0,10
WAT2WEY,WOK,FNB,1,11.0,70
WAT2WEY,WOK,FRM,3,66.0,680
WAT2WEY,WOK,GLD,1,9.0,682
WAT2WEY,WOK,HAM,9,104.0,17848
WAT2WEY,WOK,HAV,2,51.0,706
WAT2WEY,WOK,HNA,11,93.0,2215
WAT2WEY,WOK,HOK,5,15.0,5
WAT2WEY,WOK,HOL,13,128.0,2284
WAT2WEY,WOK,MBK,8,56.5,6
WAT2WEY,WOK,MIC,2,31.0,157
WAT2WEY,WOK,MTN,14,130.0,8277
WAT2WEY,WOK,NWM,7,88.0,4763
WAT2WEY,WOK,PKS,7,95.0,17013
WAT2WEY,WOK,POK,13,102.0,3042
WAT2WEY,WOK,POO,8,99.0,17849
WAT2WEY,WOK,RDB,7,66.0,9
WAT2WEY,WOK,SDN,7,57.0,15
WAT2WEY,WOK,SHW,3,44.0,1831
WAT2WEY,WOK,SOA,2,44.0,17169
WAT2WEY,WOK,SOU,3,52.0,17812
WAT2WEY,WOK,SWG,6,55.0,19
WAT2WEY,WOK,SWY,9,84.0,2214
WAT2WEY,WOK,TTN,7,68.0,2764
WAT2WEY,WOK,UPW,16,145.0,8337
WAT2WEY,WOK,WEY,15,142.0,17848
WAT2WEY,WOK,WIN,1,34.0,17158
WAT2WEY,WOK,WNF,4,12.0,4
WAT2WEY,WOK,WOO,13,121.0,11420
WAT2WEY,WOK,WRM,10,111.0,17848
WAT2WEY,WOO,DCH,2,14.0,25252
WAT2WEY,WOO,MTN,1,7.0,20538
WAT2WEY,WOO,UPW,3,21.0,20556
WAT2WEY,WOO,WEY,4,26.0,25252
WAT2WEY,WOO,WOO,5,27.0,1
WAT2WEY,WRM,DCH,3,20.0,31751
WAT2WEY,WRM,MTN,2,14.0,20540
WAT2WEY,WRM,UPW,4,28.0,20608
WAT2WEY,WRM,WEY,5,33.0,31751
WAT2WEY,WRM,WOO,1,7.0,25254
WAT2WEY,WYB,BCU,10,90.0,2
WAT2WEY,WYB,BFN,1,1.0,1
WAT2WEY,WYB,BKO,4,5.0,1
WAT2WEY,WYB,BMH,12,112.5,2
WAT2WEY,WYB,BSK,9,20.0,1
WAT2WEY,WYB,BSM,15,101.0,1
WAT2WEY,WYB,CHR,8,123.0,1
WAT2WEY,WYB,DCH,20,161.0,2
WAT2WEY,WYB,FLE,6,12.0,1
WAT2WEY,WYB,FNB,5,9.0,1
WAT2WEY,WYB,FRM,4,70.0,1
WAT2WEY,WYB,GLD,2,13.0,1
WAT2WEY,WYB,HAM,15,132.0,2
WAT2WEY,WYB,HAV,3,55.0,1
WAT2WEY,WYB,HOK,8,17.0,1
WAT2WEY,WYB,HOL,16,136.5,2
WAT2WEY,WYB,MTN,19,154.0,2
WAT2WEY,WYB,NWM,7,116.0,1
WAT2WEY,WYB,PKS,16,104.0,1
WAT2WEY,WYB,POK,9,127.0,1
WAT2WEY,WYB,POO,14,126.5,2
WAT2WEY,WYB,SOA,11,46.0,1
WAT2WEY,WYB,SOU,5,93.0,1
WAT2WEY,WYB,UPW,21,169.0,2
WAT2WEY,WYB,WBY,2,2.0,1
WAT2WEY,WYB,WEY,22,174.5,2
WAT2WEY,WYB,WIN,10,37.0,1
WAT2WEY,WYB,WNF,7,14.0,1
WAT2WEY,WYB,WOK,2,3.5,2
WAT2WEY,WYB,WOO,18,147.5,2
WAT2WEY,WYB,WRM,17,140.5,2
WEY2WAT,ANF,BKO,13,79.5,4
WEY2WAT,ANF,BSK,7,53.0,922
WEY2WAT,ANF,CLJ,9,95.0,1019
WEY2WAT,ANF,ESL,4,24.0,810
WEY2WAT,ANF,FLE,11,69.0,5
WEY2WAT,ANF,FNB,9,75.0,29
WEY2WAT,ANF,FRM,3,35.0,127
WEY2WAT,ANF,GLD,5,91.0,131
WEY2WAT,ANF,HAV,4,51.0,127
WEY2WAT,ANF,HOK,9,62.0,5
WEY2WAT,ANF,MBK,3,10.0,1
WEY2WAT,ANF,MIC,7,49.0,139
WEY2WAT,ANF,RDB,2,6.0,1
WEY2WAT,ANF,SDN,3,47.0,5
WEY2WAT,ANF,SHW,5,31.0,732
WEY2WAT,ANF,SNS,10,102.0,5
WEY2WAT,ANF,SOA,3,20.0,1518
WEY2WAT,ANF,SOU,2,10.0,1641
WEY2WAT,ANF,SUR,10,100.0,7
WEY2WAT,ANF,SWG,4,21.0,1
WEY2WAT,ANF,TTN,1,4.0,1644
WEY2WAT,ANF,VXH,14,116.0,3
WEY2WAT,ANF,WAT,8,105.0,1645
WEY2WAT,ANF,WIM,6,99.0,25
WEY2WAT,ANF,WIN,5,36.0,1518
WEY2WAT,ANF,WNF,10,66.0,5
WEY2WAT,ANF,WOK,7,75.0,1535
WEY2WAT,ANF,WPL,9,87.5,2
WEY2WAT,BCU,ANF,1,9.0,1645
WEY2WAT,BCU,BEU,1,7.0,184
WEY2WAT,BCU,BFN,8,91.0,1
WEY2WAT,BCU,BKO,9,67.5,14
WEY2WAT,BCU,BSK,4,51.0,10232
WEY2WAT,BCU,CLJ,5,89.0,11016
WEY2WAT,BCU,EAD,15,122.0,1
WEY2WAT,BCU,ESH,12,104.0,1
WEY2WAT,BCU,ESL,5,33.0,993
WEY2WAT,BCU,FLE,7,61.0,19
WEY2WAT,BCU,FNB,5,71.0,93
WEY2WAT,BCU,FRM,2,41.0,1079
WEY2WAT,BCU,GLD,4,96.0,1122
WEY2WAT,BCU,HAV,3,56.0,1077
WEY2WAT,BCU,HER,11,101.0,1
WEY2WAT,BCU,HOK,5,56.5,16
WEY2WAT,BCU,HSL,4,79.0,1
WEY2WAT,BCU,KWB,6,111.0,2
WEY2WAT,BCU,MBK,4,19.0,1
WEY2WAT,BCU,MIC,8,58.0,171
WEY2WAT,BCU,RDB,3,15.0,1
WEY2WAT,BCU,SDN,3,25.0,10
WEY2WAT,BCU,SHW,6,40.0,744
WEY2WAT,BCU,SNS,11,111.0,6
WEY2WAT,BCU,SOA,2,24.0,17805
WEY2WAT,BCU,SOU,1,15.0,18862
WEY2WAT,BCU,SUR,8,106.0,13
WEY2WAT,BCU,SWG,2,22.5,6
WEY2WAT,BCU,TTN,2,13.0,1669
WEY2WAT,BCU,VXH,15,125.0,5
WEY2WAT,BCU,WAL,10,98.0,1
WEY2WAT,BCU,WAT,6,97.0,18882
WEY2WAT,BCU,WBY,7,88.0,1
WEY2WAT,BCU,WIM,5,85.0,171
WEY2WAT,BCU,WIN,3,34.0,17805
WEY2WAT,BCU,WNF,6,58.0,16
WEY2WAT,BCU,WOK,4,68.0,12390
WEY2WAT,BCU,WPL,6,81.0,14
WEY2WAT,BCU,WYB,8,86.5,2
WEY2WAT,BEU,ANF,1,4.0,182
WEY2WAT,BEU,BSK,7,55.0,135
WEY2WAT,BEU,CLJ,9,95.0,170
WEY2WAT,BEU,ESL,5,27.0,97
WEY2WAT,BEU,FNB,10,79.0,17
WEY2WAT,BEU,FRM,4,38.0,46
WEY2WAT,BEU,GLD,6,94.0,47
WEY2WAT,BEU,HAV,5,55.0,46
WEY2WAT,BEU,MIC,8,53.0,22
WEY2WAT,BEU,SHW,6,38.0,22
WEY2WAT,BEU,SOA,4,23.0,138
WEY2WAT,BEU,SOU,3,14.0,183
WEY2WAT,BEU,TTN,2,8.0,182
WEY2WAT,BEU,WAT,10,105.0,184
WEY2WAT,BEU,WIN,6,37.0,138
WEY2WAT,BEU,WOK,8,75.0,142
WEY2WAT,BEU,WPL,9,89.0,1
WEY2WAT,BFN,CLJ,8,34.0,1
WEY2WAT,BFN,EAD,7,31.0,1
WEY2WAT,BFN,ESH,4,13.0,1
WEY2WAT,BFN,HER,3,10.0,1
WEY2WAT,BFN,SUR,5,17.0,1
WEY2WAT,BFN,VXH,9,42.0,1
WEY2WAT,BFN,WAL,2,7.0,1
WEY2WAT,BFN,WAT,10,53.0,1
WEY2WAT,BFN,WIM,6,27.0,1
WEY2WAT,BFN,WYB,1,3.0,1
WEY2WAT,BKO,CLJ,2,24.0,11
WEY2WAT,BKO,VXH,4,32.0,1
WEY2WAT,BKO,WAT,3,32.5,14
WEY2WAT,BKO,WIM,2,18.5,2
WEY2WAT,BKO,WOK,1,4.0,14
WEY2WAT,BMH,ANF,7,40.0,1643
WEY2WAT,BMH,BCU,2,22.0,18879
WEY2WAT,BMH,BEU,7,36.0,184
WEY2WAT,BMH,BFN,9,109.0,1
WEY2WAT,BMH,BKO,13,93.0,14
WEY2WAT,BMH,BSK,8,77.0,10230
WEY2WAT,BMH,CHR,2,12.0,9430
WEY2WAT,BMH,CLJ,9,115.0,11014
WEY2WAT,BMH,EAD,16,140.0,1
WEY2WAT,BMH,ESH,13,122.0,1
WEY2WAT,BMH,ESL,11,64.0,991
WEY2WAT,BMH,FLE,11,87.0,19
WEY2WAT,BMH,FNB,9,93.0,93
WEY2WAT,BMH,FRM,4,63.0,1079
WEY2WAT,BMH,GLD,6,118.0,1122
WEY2WAT,BMH,HAV,5,78.0,1077
WEY2WAT,BMH,HER,12,119.0,1
WEY2WAT,BMH,HNA,3,17.0,1716
WEY2WAT,BMH,HOK,9,82.0,16
WEY2WAT,BMH,HSL,6,101.0,1
WEY2WAT,BMH,KWB,8,133.5,2
WEY2WAT,BMH,MBK,10,50.0,1
WEY2WAT,BMH,MIC,14,89.0,169
WEY2WAT,BMH,NWM,3,19.0,11108
WEY2WAT,BMH,POK,1,9.0,9419
WEY2WAT,BMH,RDB,9,46.0,1
WEY2WAT,BMH,SDN,6,47.0,9
WEY2WAT,BMH,SHW,12,71.0,742
WEY2WAT,BMH,SNS,17,142.0,6
WEY2WAT,BMH,SOA,6,46.0,17803
WEY2WAT,BMH,SOU,3,37.0,18860
WEY2WAT,BMH,SUR,13,132.0,13
WEY2WAT,BMH,SWG,4,42.5,6
WEY2WAT,BMH,SWY,5,26.0,1710
WEY2WAT,BMH,TTN,8,44.0,1667
WEY2WAT,BMH,VXH,20,155.0,5
WEY2WAT,BMH,WAL,11,116.0,1
WEY2WAT,BMH,WAT,10,123.0,18880
WEY2WAT,BMH,WBY,8,106.0,1
WEY2WAT,BMH,WIM,9,110.0,171
WEY2WAT,BMH,WIN,7,58.0,17803
WEY2WAT,BMH,WNF,10,84.0,16
WEY2WAT,BMH,WOK,5,87.0,12388
WEY2WAT,BMH,WPL,8,102.0,14
WEY2WAT,BMH,WYB,10,108.5,2
WEY2WAT,BSK,BFN,3,32.0,1
WEY2WAT,BSK,BKO,5,16.0,14
WEY2WAT,BSK,CLJ,1,38.0,9945
WEY2WAT,BSK,EAD,10,63.0,1
WEY2WAT,BSK,ESH,7,45.0,1
WEY2WAT,BSK,FLE,3,9.0,19
WEY2WAT,BSK,FNB,1,18.0,90
WEY2WAT,BSK,FRM,1,4.0,1
WEY2WAT,BSK,GLD,2,39.0,45
WEY2WAT,BSK,HAV,1,13.0,1
WEY2WAT,BSK,HER,6,42.0,1
WEY2WAT,BSK,HOK,1,5.0,16
WEY2WAT,BSK,KWB,2,60.0,2
WEY2WAT,BSK,SNS,2,43.0,6
WEY2WAT,BSK,SUR,2,38.0,9
WEY2WAT,BSK,VXH,6,57.0,5
WEY2WAT,BSK,WAL,5,39.0,1
WEY2WAT,BSK,WAT,2,47.0,10232
WEY2WAT,BSK,WBY,2,29.0,1
WEY2WAT,BSK,WIM,1,34.0,89
WEY2WAT,BSK,WNF,2,7.0,16
WEY2WAT,BSK,WOK,1,20.0,4116
WEY2WAT,BSK,WPL,2,31.0,14
WEY2WAT,BSK,WYB,3,31.5,2
WEY2WAT,BSM,ANF,8,46.0,1558
WEY2WAT,BSM,BCU,2,25.0,11170
WEY2WAT,BSM,BEU,8,42.0,148
WEY2WAT,BSM,BFN,10,115.0,1
WEY2WAT,BSM,BKO,18,117.0,8
WEY2WAT,BSM,BMH,1,6.0,10974
WEY2WAT,BSM,BSK,7,78.0,2796
WEY2WAT,BSM,CHR,3,18.0,1721
WEY2WAT,BSM,CLJ,9,139.0,3343
WEY2WAT,BSM,EAD,17,146.0,1
WEY2WAT,BSM,ESH,14,128.0,1
WEY2WAT,BSM,ESL,12,70.0,957
WEY2WAT,BSM,FLE,12,100.0,12
WEY2WAT,BSM,FNB,10,99.0,67
WEY2WAT,BSM,FRM,5,69.0,801
WEY2WAT,BSM,GLD,7,123.0,832
WEY2WAT,BSM,HAV,6,84.0,801
WEY2WAT,BSM,HER,13,125.0,1
WEY2WAT,BSM,HNA,4,23.0,1559
WEY2WAT,BSM,HOK,14,100.0,10
WEY2WAT,BSM,HSL,7,107.0,1
WEY2WAT,BSM,KWB,8,139.0,1
WEY2WAT,BSM,MBK,11,56.0,1
WEY2WAT,BSM,MIC,15,95.0,150
WEY2WAT,BSM,NWM,4,23.0,3399
WEY2WAT,BSM,POK,2,14.0,1711
WEY2WAT,BSM,RDB,10,52.0,1
WEY2WAT,BSM,SDN,10,64.0,9
WEY2WAT,BSM,SHW,13,77.0,733
WEY2WAT,BSM,SNS,18,148.0,6
WEY2WAT,BSM,SOA,4,49.0,10369
WEY2WAT,BSM,SOU,3,40.0,11160
WEY2WAT,BSM,SUR,14,140.5,12
WEY2WAT,BSM,SWG,4,48.0,5
WEY2WAT,BSM,SWY,6,32.0,1556
WEY2WAT,BSM,TTN,9,50.0,1568
WEY2WAT,BSM,VXH,21,161.0,5
WEY2WAT,BSM,WAL,12,122.0,1
WEY2WAT,BSM,WAT,7,122.0,11170
WEY2WAT,BSM,WBY,9,112.0,1
WEY2WAT,BSM,WIM,7,109.5,112
WEY2WAT,BSM,WIN,5,59.0,10369
WEY2WAT,BSM,WNF,15,103.0,10
WEY2WAT,BSM,WOK,6,93.0,10684
WEY2WAT,BSM,WPL,9,109.0,14
WEY2WAT,BSM,WYB,11,118.0,1
WEY2WAT,CHR,ANF,5,28.0,1633
WEY2WAT,CHR,BCU,2,14.0,9431
WEY2WAT,CHR,BEU,5,26.0,182
WEY2WAT,CHR,BKO,13,83.0,11
WEY2WAT,CHR,BSK,6,65.0,8409
WEY2WAT,CHR,CLJ,7,103.0,8763
WEY2WAT,CHR,ESL,9,52.0,840
WEY2WAT,CHR,FLE,11,76.0,13
WEY2WAT,CHR,FNB,12,93.0,57
WEY2WAT,CHR,FRM,4,53.0,425
WEY2WAT,CHR,GLD,6,114.0,441
WEY2WAT,CHR,HAV,5,69.0,423
WEY2WAT,CHR,HNA,1,6.0,1717
WEY2WAT,CHR,HOK,9,75.0,12
WEY2WAT,CHR,KWB,8,122.0,1
WEY2WAT,CHR,MBK,8,38.0,1
WEY2WAT,CHR,MIC,12,77.0,157
WEY2WAT,CHR,NWM,1,7.0,9431
WEY2WAT,CHR,RDB,7,34.0,1
WEY2WAT,CHR,SDN,8,74.0,6
WEY2WAT,CHR,SHW,10,59.0,740
WEY2WAT,CHR,SNS,15,130.0,5
WEY2WAT,CHR,SOA,4,38.0,9009
WEY2WAT,CHR,SOU,3,29.0,9418
WEY2WAT,CHR,SUR,15,126.5,8
WEY2WAT,CHR,SWG,7,42.5,2
WEY2WAT,CHR,SWY,3,15.0,1712
WEY2WAT,CHR,TTN,6,32.0,1647
WEY2WAT,CHR,VXH,19,144.0,3
WEY2WAT,CHR,WAT,8,112.0,9432
WEY2WAT,CHR,WIM,7,99.0,85
WEY2WAT,CHR,WIN,5,48.0,9009
WEY2WAT,CHR,WNF,10,78.0,12
WEY2WAT,CHR,WOK,7,100.0,3272
WEY2WAT,CHR,WPL,14,116.5,2
WEY2WAT,CHR,WYB,8,93.0,1
WEY2WAT,CLJ,CLJ,1,2.5,2
WEY2WAT,CLJ,VXH,1,5.0,5
WEY2WAT,CLJ,WAT,1,9.0,11032
WEY2WAT,CLJ,WOK,2,37.5,2
WEY2WAT,CSA,CLJ,4,75.0,1
WEY2WAT,CSA,GLD,2,42.0,1
WEY2WAT,CSA,HAV,1,6.0,1
WEY2WAT,CSA,WAT,5,84.0,1
WEY2WAT,CSA,WOK,3,51.0,1
WEY2WAT,DCH,ANF,15,87.0,1645
WEY2WAT,DCH,BCU,10,71.0,18881
WEY2WAT,DCH,BEU,15,90.0,184
WEY2WAT,DCH,BFN,17,155.0,1
WEY2WAT,DCH,BKO,20,139.5,14
WEY2WAT,DCH,BMH,7,46.0,18513
WEY2WAT,DCH,BSK,15,123.0,10232
WEY2WAT,DCH,BSM,5,37.0,11170
WEY2WAT,DCH,CHR,9,58.0,9432
WEY2WAT,DCH,CLJ,16,161.0,11016
WEY2WAT,DCH,EAD,24,186.0,1
WEY2WAT,DCH,ESH,21,168.0,1
WEY2WAT,DCH,ESL,19,113.0,993
WEY2WAT,DCH,FLE,18,133.0,19
WEY2WAT,DCH,FNB,16,141.0,93
WEY2WAT,DCH,FRM,12,110.0,1079
WEY2WAT,DCH,GLD,14,166.0,1122
WEY2WAT,DCH,HAM,4,27.0,18882
WEY2WAT,DCH,HAV,13,125.0,1077
WEY2WAT,DCH,HER,20,165.0,1
WEY2WAT,DCH,HNA,11,64.0,1718
WEY2WAT,DCH,HOK,16,128.5,16
WEY2WAT,DCH,HOL,4,25.0,8341
WEY2WAT,DCH,HSL,14,148.0,1
WEY2WAT,DCH,KWB,15,177.5,2
WEY2WAT,DCH,MBK,18,100.0,1
WEY2WAT,DCH,MIC,22,143.0,171
WEY2WAT,DCH,MTN,1,8.0,11425
WEY2WAT,DCH,NWM,10,65.0,11110
WEY2WAT,DCH,PKS,4,33.5,11170
WEY2WAT,DCH,POK,8,55.0,9421
WEY2WAT,DCH,POO,5,33.0,18837
WEY2WAT,DCH,RDB,17,96.0,1
WEY2WAT,DCH,SDN,15,98.5,10
WEY2WAT,DCH,SHW,20,120.0,744
WEY2WAT,DCH,SNS,25,196.0,6
WEY2WAT,DCH,SOA,12,96.0,17805
WEY2WAT,DCH,SOU,11,87.0,18862
WEY2WAT,DCH,SUR,21,186.0,13
WEY2WAT,DCH,SWG,10,86.5,6
WEY2WAT,DCH,SWY,13,73.0,1712
WEY2WAT,DCH,TTN,16,91.0,1669
WEY2WAT,DCH,VXH,28,209.0,5
WEY2WAT,DCH,WAL,19,162.0,1
WEY2WAT,DCH,WAT,17,169.0,18882
WEY2WAT,DCH,WBY,16,152.0,1
WEY2WAT,DCH,WIM,16,156.0,171
WEY2WAT,DCH,WIN,13,105.0,17805
WEY2WAT,DCH,WNF,17,130.0,16
WEY2WAT,DCH,WOK,11,131.0,12390
WEY2WAT,DCH,WOO,2,14.0,11580
WEY2WAT,DCH,WPL,16,150.0,14
WEY2WAT,DCH,WRM,3,20.0,18778
WEY2WAT,DCH,WYB,18,154.5,2
WEY2WAT,EAD,CLJ,1,3.0,1
WEY2WAT,EAD,VXH,2,11.0,1
WEY2WAT,EAD,WAT,3,22.0,1
WEY2WAT,ESH,CLJ,4,21.0,1
WEY2WAT,ESH,EAD,3,18.0,1
WEY2WAT,ESH,SUR,1,4.0,1
WEY2WAT,ESH,VXH,5,29.0,1
WEY2WAT,ESH,WAT,6,40.0,1
WEY2WAT,ESH,WIM,2,14.0,1
WEY2WAT,ESL,BFN,5,62.0,1
WEY2WAT,ESL,BKO,8,54.5,6
WEY2WAT,ESL,BSK,3,29.0,983
WEY2WAT,ESL,CLJ,5,71.0,977
WEY2WAT,ESL,EAD,12,93.0,1
WEY2WAT,ESL,ESH,9,75.0,1
WEY2WAT,ESL,ESL,1,1.0,2
WEY2WAT,ESL,FLE,6,42.5,8
WEY2WAT,ESL,FNB,5,51.0,32
WEY2WAT,ESL,GLD,5,69.0,4
WEY2WAT,ESL,HER,8,72.0,1
WEY2WAT,ESL,HOK,4,37.0,7
WEY2WAT,ESL,MIC,3,23.0,151
WEY2WAT,ESL,SHW,1,7.0,740
WEY2WAT,ESL,SNS,6,76.0,5
WEY2WAT,ESL,SUR,6,74.0,7
WEY2WAT,ESL,VXH,10,90.0,5
WEY2WAT,ESL,WAL,7,69.0,1
WEY2WAT,ESL,WAT,6,80.0,1002
WEY2WAT,ESL,WBY,4,59.0,1
WEY2WAT,ESL,WIM,7,79.0,7
WEY2WAT,ESL,WIN,2,12.0,1002
WEY2WAT,ESL,WNF,5,40.0,7
WEY2WAT,ESL,WOK,4,49.0,976
WEY2WAT,ESL,WPL,5,63.0,2
WEY2WAT,ESL,WYB,6,65.0,1
WEY2WAT,FLE,BKO,2,7.0,14
WEY2WAT,FLE,CLJ,4,32.0,15
WEY2WAT,FLE,FNB,1,3.0,19
WEY2WAT,FLE,VXH,6,45.0,1
WEY2WAT,FLE,WAT,5,40.0,19
WEY2WAT,FLE,WIM,4,28.0,2
WEY2WAT,FLE,WOK,3,11.0,19
WEY2WAT,FNB,BKO,1,4.0,14
WEY2WAT,FNB,CLJ,2,30.0,74
WEY2WAT,FNB,SUR,2,23.0,1
WEY2WAT,FNB,VXH,5,41.0,2
WEY2WAT,FNB,WAT,3,41.0,93
WEY2WAT,FNB,WIM,3,29.0,3
WEY2WAT,FNB,WOK,1,10.0,90
WEY2WAT,FRM,BSK,1,5.0,1
WEY2WAT,FRM,CLJ,4,89.0,1035
WEY2WAT,FRM,GLD,2,56.0,1077
WEY2WAT,FRM,HAV,1,15.0,1077
WEY2WAT,FRM,HSL,2,38.0,1
WEY2WAT,FRM,SUR,3,81.0,2
WEY2WAT,FRM,WAT,5,99.0,1079
WEY2WAT,FRM,WOK,3,67.0,711
WEY2WAT,GLD,CLJ,2,33.0,1077
WEY2WAT,GLD,SUR,1,28.5,4
WEY2WAT,GLD,WAT,3,44.0,1122
WEY2WAT,GLD,WOK,1,11.0,709
WEY2WAT,HAM,ANF,11,59.0,1645
WEY2WAT,HAM,BCU,6,42.0,18881
WEY2WAT,HAM,BEU,11,63.0,184
WEY2WAT,HAM,BFN,13,128.0,1
WEY2WAT,HAM,BKO,15,109.0,14
WEY2WAT,HAM,BMH,4,19.0,18513
WEY2WAT,HAM,BSK,10,93.0,10232
WEY2WAT,HAM,BSM,3,14.0,11170
WEY2WAT,HAM,CHR,4,28.0,9432
WEY2WAT,HAM,CLJ,11,132.0,11016
WEY2WAT,HAM,EAD,20,159.0,1
WEY2WAT,HAM,ESH,17,141.0,1
WEY2WAT,HAM,ESL,15,83.0,993
WEY2WAT,HAM,FLE,13,103.0,19
WEY2WAT,HAM,FNB,11,112.0,93
WEY2WAT,HAM,FRM,8,82.0,1079
WEY2WAT,HAM,GLD,10,138.0,1122
WEY2WAT,HAM,HAV,9,98.0,1077
WEY2WAT,HAM,HER,16,138.0,1
WEY2WAT,HAM,HNA,7,37.0,1718
WEY2WAT,HAM,HOK,11,98.5,16
WEY2WAT,HAM,HSL,10,121.0,1
WEY2WAT,HAM,KWB,12,151.5,2
WEY2WAT,HAM,MBK,14,69.0,1
WEY2WAT,HAM,MIC,18,116.0,171
WEY2WAT,HAM,NWM,5,35.0,11110
WEY2WAT,HAM,PKS,2,10.0,11170
WEY2WAT,HAM,POK,3,25.0,9421
WEY2WAT,HAM,POO,1,5.0,18837
WEY2WAT,HAM,RDB,13,65.0,1
WEY2WAT,HAM,SDN,10,70.0,10
WEY2WAT,HAM,SHW,16,90.0,744
WEY2WAT,HAM,SNS,21,169.0,6
WEY2WAT,HAM,SOA,8,66.0,17805
WEY2WAT,HAM,SOU,7,57.0,18862
WEY2WAT,HAM,SUR,17,159.0,13
WEY2WAT,HAM,SWG,8,62.0,6
WEY2WAT,HAM,SWY,9,46.0,1712
WEY2WAT,HAM,TTN,12,63.0,1669
WEY2WAT,HAM,VXH,24,182.0,5
WEY2WAT,HAM,WAL,15,135.0,1
WEY2WAT,HAM,WAT,12,139.0,18882
WEY2WAT,HAM,WBY,12,125.0,1
WEY2WAT,HAM,WIM,11,127.0,171
WEY2WAT,HAM,WIN,9,75.0,17805
WEY2WAT,HAM,WNF,12,100.0,16
WEY2WAT,HAM,WOK,9,108.0,12390
WEY2WAT,HAM,WPL,12,123.0,14
WEY2WAT,HAM,WYB,13,126.0,2
WEY2WAT,HAV,CLJ,3,74.0,1033
WEY2WAT,HAV,GLD,1,40.0,1077
WEY2WAT,HAV,HSL,1,23.0,1
WEY2WAT,HAV,SUR,2,68.0,2
WEY2WAT,HAV,WAT,4,84.0,1077
WEY2WAT,HAV,WOK,2,53.0,709
WEY2WAT,HER,CLJ,5,24.0,1
WEY2WAT,HER,EAD,4,21.0,1
WEY2WAT,HER,ESH,1,3.0,1
WEY2WAT,HER,SUR,2,7.0,1
WEY2WAT,HER,VXH,6,32.0,1
WEY2WAT,HER,WAT,7,43.0,1
WEY2WAT,HER,WIM,3,17.0,1
WEY2WAT,HNA,ANF,4,22.0,1622
WEY2WAT,HNA,BCU,3,13.0,1718
WEY2WAT,HNA,BEU,4,20.0,175
WEY2WAT,HNA,BKO,17,102.5,4
WEY2WAT,HNA,BSK,11,75.0,998
WEY2WAT,HNA,CLJ,13,117.0,1096
WEY2WAT,HNA,ESL,8,46.0,808
WEY2WAT,HNA,FLE,15,93.0,5
WEY2WAT,HNA,FNB,14,99.0,29
WEY2WAT,HNA,FRM,7,58.0,129
WEY2WAT,HNA,GLD,9,114.0,133
WEY2WAT,HNA,HAV,8,75.0,129
WEY2WAT,HNA,HNA,2,5.0,1
WEY2WAT,HNA,HOK,13,84.0,5
WEY2WAT,HNA,MBK,7,32.0,1
WEY2WAT,HNA,MIC,11,71.0,138
WEY2WAT,HNA,NWM,1,4.0,1716
WEY2WAT,HNA,RDB,6,28.0,1
WEY2WAT,HNA,SDN,7,69.0,5
WEY2WAT,HNA,SHW,9,53.0,730
WEY2WAT,HNA,SNS,14,124.0,5
WEY2WAT,HNA,SOA,7,42.0,1589
WEY2WAT,HNA,SOU,6,33.0,1714
WEY2WAT,HNA,SUR,14,122.0,7
WEY2WAT,HNA,SWG,8,43.0,1
WEY2WAT,HNA,SWY,2,9.0,1713
WEY2WAT,HNA,TTN,5,26.0,1637
WEY2WAT,HNA,VXH,18,138.0,3
WEY2WAT,HNA,WAT,12,127.0,1718
WEY2WAT,HNA,WIM,10,121.0,28
WEY2WAT,HNA,WIN,10,58.0,1589
WEY2WAT,HNA,WNF,14,88.0,5
WEY2WAT,HNA,WOK,12,97.0,1544
WEY2WAT,HNA,WPL,14,110.5,2
WEY2WAT,HOK,BKO,4,11.0,14
WEY2WAT,HOK,CLJ,6,36.0,12
WEY2WAT,HOK,FLE,2,4.0,16
WEY2WAT,HOK,FNB,3,7.0,16
WEY2WAT,HOK,VXH,8,54.0,1
WEY2WAT,HOK,WAT,7,43.0,16
WEY2WAT,HOK,WIM,6,34.5,2
WEY2WAT,HOK,WNF,1,2.0,16
WEY2WAT,HOK,WOK,5,15.0,16
WEY2WAT,HOL,ANF,12,59.0,704
WEY2WAT,HOL,BCU,7,47.0,8340
WEY2WAT,HOL,BEU,10,52.0,33
WEY2WAT,HOL,BKO,16,114.0,6
WEY2WAT,HOL,BMH,3,21.0,8163
WEY2WAT,HOL,BSK,11,98.0,7246
WEY2WAT,HOL,BSM,4,18.0,1097
WEY2WAT,HOL,CHR,5,33.0,8016
WEY2WAT,HOL,CLJ,12,135.0,7500
WEY2WAT,HOL,ESL,10,74.0,33
WEY2WAT,HOL,FLE,14,107.5,8
WEY2WAT,HOL,FNB,12,116.0,30
WEY2WAT,HOL,FRM,9,86.0,317
WEY2WAT,HOL,GLD,11,147.0,331
WEY2WAT,HOL,HAM,1,5.0,8341
WEY2WAT,HOL,HAV,10,101.0,315
WEY2WAT,HOL,HNA,8,37.0,776
WEY2WAT,HOL,HOK,12,103.5,6
WEY2WAT,HOL,KWB,13,155.0,1
WEY2WAT,HOL,MIC,11,88.0,18
WEY2WAT,HOL,NWM,6,40.0,8016
WEY2WAT,HOL,PKS,3,14.0,1097
WEY2WAT,HOL,POK,4,30.0,8014
WEY2WAT,HOL,POO,2,10.0,8320
WEY2WAT,HOL,SDN,9,68.0,1
WEY2WAT,HOL,SHW,11,78.0,10
WEY2WAT,HOL,SOA,9,71.0,8026
WEY2WAT,HOL,SOU,8,62.0,8327
WEY2WAT,HOL,SUR,12,126.0,1
WEY2WAT,HOL,SWG,10,69.0,1
WEY2WAT,HOL,SWY,10,46.0,772
WEY2WAT,HOL,TTN,13,64.0,717
WEY2WAT,HOL,WAT,13,145.0,8341
WEY2WAT,HOL,WIM,12,132.0,79
WEY2WAT,HOL,WIN,10,81.0,8026
WEY2WAT,HOL,WNF,13,105.0,6
WEY2WAT,HOL,WOK,12,118.0,2205
WEY2WAT,HOL,WYB,13,126.0,1
WEY2WAT,HSL,CLJ,3,46.0,1
WEY2WAT,HSL,GLD,1,14.0,1
WEY2WAT,HSL,WAT,4,59.0,1
WEY2WAT,HSL,WOK,2,25.0,1
WEY2WAT,KWB,CLJ,1,10.0,2
WEY2WAT,KWB,WAT,2,30.5,2
WEY2WAT,MBK,BSK,7,87.0,1
WEY2WAT,MBK,CLJ,9,127.0,1
WEY2WAT,MBK,ESL,3,45.0,1
WEY2WAT,MBK,MIC,6,71.0,1
WEY2WAT,MBK,SHW,4,53.0,1
WEY2WAT,MBK,SOA,2,40.0,1
WEY2WAT,MBK,SOU,1,2.0,1
WEY2WAT,MBK,WAT,10,136.0,1
WEY2WAT,MBK,WIN,5,58.0,1
WEY2WAT,MBK,WOK,8,107.0,1
WEY2WAT,MIC,BKO,6,33.5,4
WEY2WAT,MIC,BSK,1,10.0,164
WEY2WAT,MIC,CLJ,3,51.0,159
WEY2WAT,MIC,FLE,4,24.0,4
WEY2WAT,MIC,FNB,2,26.0,25
WEY2WAT,MIC,GLD,4,47.0,1
WEY2WAT,MIC,HOK,2,17.5,4
WEY2WAT,MIC,SNS,3,53.0,4
WEY2WAT,MIC,SUR,3,48.0,5
WEY2WAT,MIC,VXH,7,67.0,3
WEY2WAT,MIC,WAT,4,61.0,171
WEY2WAT,MIC,WIM,4,56.0,5
WEY2WAT,MIC,WNF,3,20.0,4
WEY2WAT,MIC,WOK,2,30.0,156
WEY2WAT,MIC,WPL,3,41.0,1
WEY2WAT,MTN,ANF,14,80.0,1473
WEY2WAT,MTN,BCU,10,64.0,11424
WEY2WAT,MTN,BEU,14,82.0,174
WEY2WAT,MTN,BFN,16,148.0,1
WEY2WAT,MTN,BKO,21,134.0,11
WEY2WAT,MTN,BMH,6,38.0,11185
WEY2WAT,MTN,BSK,14,115.0,9782
WEY2WAT,MTN,BSM,6,33.0,3713
WEY2WAT,MTN,CHR,8,50.0,9255
WEY2WAT,MTN,CLJ,15,153.0,10670
WEY2WAT,MTN,EAD,23,179.0,1
WEY2WAT,MTN,ESH,20,161.0,1
WEY2WAT,MTN,ESL,18,104.0,970
WEY2WAT,MTN,FLE,17,127.0,15
WEY2WAT,MTN,FNB,16,133.0,73
WEY2WAT,MTN,FRM,11,103.0,950
WEY2WAT,MTN,GLD,13,157.0,979
WEY2WAT,MTN,HAM,4,22.0,11425
WEY2WAT,MTN,HAV,12,117.0,948
WEY2WAT,MTN,HER,19,158.0,1
WEY2WAT,MTN,HNA,10,57.0,1550
WEY2WAT,MTN,HOK,18,126.5,12
WEY2WAT,MTN,HOL,3,17.0,8192
WEY2WAT,MTN,HSL,13,140.0,1
WEY2WAT,MTN,KWB,16,172.0,1
WEY2WAT,MTN,MBK,17,90.0,1
WEY2WAT,MTN,MIC,21,135.0,159
WEY2WAT,MTN,NWM,9,57.0,10934
WEY2WAT,MTN,PKS,5,30.0,3713
WEY2WAT,MTN,POK,7,47.0,9251
WEY2WAT,MTN,POO,5,27.0,11401
WEY2WAT,MTN,RDB,16,86.0,1
WEY2WAT,MTN,SDN,17,126.0,7
WEY2WAT,MTN,SHW,19,111.0,742
WEY2WAT,MTN,SNS,24,188.0,6
WEY2WAT,MTN,SOA,12,88.0,10477
WEY2WAT,MTN,SOU,11,79.0,11410
WEY2WAT,MTN,SUR,22,184.5,10
WEY2WAT,MTN,SWG,13,86.0,3
WEY2WAT,MTN,SWY,12,66.0,1545
WEY2WAT,MTN,TTN,15,84.0,1487
WEY2WAT,MTN,VXH,27,201.0,5
WEY2WAT,MTN,WAL,18,155.0,1
WEY2WAT,MTN,WAT,16,162.0,11425
WEY2WAT,MTN,WBY,15,145.0,1
WEY2WAT,MTN,WIM,15,149.0,109
WEY2WAT,MTN,WIN,13,98.0,10477
WEY2WAT,MTN,WNF,19,129.5,12
WEY2WAT,MTN,WOK,15,136.0,5009
WEY2WAT,MTN,WOO,1,6.0,11388
WEY2WAT,MTN,WPL,15,142.0,14
WEY2WAT,MTN,WRM,2,13.0,11361
WEY2WAT,MTN,WYB,16,147.0,2
WEY2WAT,NWM,ANF,3,18.0,1634
WEY2WAT,NWM,BCU,1,7.0,11109
WEY2WAT,NWM,BEU,3,16.0,183
WEY2WAT,NWM,BKO,12,76.0,11
WEY2WAT,NWM,BSK,5,58.0,9561
WEY2WAT,NWM,CLJ,6,96.0,10441
WEY2WAT,NWM,ESL,7,42.0,846
WEY2WAT,NWM,FLE,10,69.0,13
WEY2WAT,NWM,FNB,9,78.0,70
WEY2WAT,NWM,FRM,3,46.0,952
WEY2WAT,NWM,GLD,5,102.0,980
WEY2WAT,NWM,HAV,4,62.0,950
WEY2WAT,NWM,HNA,1,2.0,1
WEY2WAT,NWM,HOK,8,68.0,12
WEY2WAT,NWM,HSL,5,86.0,1
WEY2WAT,NWM,KWB,7,115.0,1
WEY2WAT,NWM,MBK,6,28.0,1
WEY2WAT,NWM,MIC,10,67.0,159
WEY2WAT,NWM,RDB,5,24.0,1
WEY2WAT,NWM,SDN,6,64.0,6
WEY2WAT,NWM,SHW,8,49.0,742
WEY2WAT,NWM,SNS,13,120.0,6
WEY2WAT,NWM,SOA,3,31.0,10160
WEY2WAT,NWM,SOU,2,22.0,11096
WEY2WAT,NWM,SUR,13,116.5,8
WEY2WAT,NWM,SWG,6,34.0,2
WEY2WAT,NWM,SWY,1,5.0,1712
WEY2WAT,NWM,TTN,4,22.0,1648
WEY2WAT,NWM,VXH,17,134.0,3
WEY2WAT,NWM,WAT,7,106.0,11110
WEY2WAT,NWM,WIM,6,92.0,109
WEY2WAT,NWM,WIN,4,41.0,10160
WEY2WAT,NWM,WNF,9,71.0,12
WEY2WAT,NWM,WOK,6,80.0,4711
WEY2WAT,NWM,WPL,7,88.0,14
WEY2WAT,NWM,WYB,7,86.0,1
WEY2WAT,PKS,ANF,9,49.0,1558
WEY2WAT,PKS,BCU,3,29.0,11170
WEY2WAT,PKS,BEU,9,46.0,148
WEY2WAT,PKS,BFN,11,118.0,1
WEY2WAT,PKS,BKO,19,120.5,8
WEY2WAT,PKS,BMH,2,10.0,10974
WEY2WAT,PKS,BSK,8,82.0,2796
WEY2WAT,PKS,BSM,1,4.0,11170
WEY2WAT,PKS,CHR,4,21.0,1721
WEY2WAT,PKS,CLJ,10,143.0,3343
WEY2WAT,PKS,EAD,18,149.0,1
WEY2WAT,PKS,ESH,15,131.0,1
WEY2WAT,PKS,ESL,13,73.0,957
WEY2WAT,PKS,FLE,12,103.0,12
WEY2WAT,PKS,FNB,11,103.0,67
WEY2WAT,PKS,FRM,6,73.0,801
WEY2WAT,PKS,GLD,8,127.0,832
WEY2WAT,PKS,HAV,7,88.0,801
WEY2WAT,PKS,HER,14,128.0,1
WEY2WAT,PKS,HNA,5,27.0,1559
WEY2WAT,PKS,HOK,15,103.0,10
WEY2WAT,PKS,HSL,8,111.0,1
WEY2WAT,PKS,KWB,9,143.0,1
WEY2WAT,PKS,MBK,12,59.0,1
WEY2WAT,PKS,MIC,16,98.0,150
WEY2WAT,PKS,NWM,5,26.0,3399
WEY2WAT,PKS,POK,3,18.0,1711
WEY2WAT,PKS,RDB,11,55.0,1
WEY2WAT,PKS,SDN,11,67.0,9
WEY2WAT,PKS,SHW,14,80.0,733
WEY2WAT,PKS,SNS,19,151.0,6
WEY2WAT,PKS,SOA,5,53.0,10369
WEY2WAT,PKS,SOU,4,44.0,11160
WEY2WAT,PKS,SUR,16,143.5,12
WEY2WAT,PKS,SWG,5,52.0,5
WEY2WAT,PKS,SWY,7,36.0,1556
WEY2WAT,PKS,TTN,10,53.0,1568
WEY2WAT,PKS,VXH,22,164.0,5
WEY2WAT,PKS,WAL,13,125.0,1
WEY2WAT,PKS,WAT,8,126.0,11170
WEY2WAT,PKS,WBY,10,115.0,1
WEY2WAT,PKS,WIM,8,113.0,112
WEY2WAT,PKS,WIN,6,63.0,10369
WEY2WAT,PKS,WNF,16,106.0,10
WEY2WAT,PKS,WOK,7,97.0,10684
WEY2WAT,PKS,WPL,10,113.0,14
WEY2WAT,PKS,WYB,12,121.0,1
WEY2WAT,POK,ANF,6,31.0,1633
WEY2WAT,POK,BCU,3,17.0,9421
WEY2WAT,POK,BEU,6,29.0,182
WEY2WAT,POK,BKO,14,86.0,11
WEY2WAT,POK,BSK,7,68.0,8407
WEY2WAT,POK,CHR,1,3.0,9422
WEY2WAT,POK,CLJ,8,106.0,8761
WEY2WAT,POK,ESL,10,55.0,839
WEY2WAT,POK,FLE,12,79.0,13
WEY2WAT,POK,FNB,13,96.0,57
WEY2WAT,POK,FRM,5,56.0,425
WEY2WAT,POK,GLD,7,117.0,441
WEY2WAT,POK,HAV,6,72.0,423
WEY2WAT,POK,HNA,2,9.0,1717
WEY2WAT,POK,HOK,10,78.0,12
WEY2WAT,POK,KWB,9,125.0,1
WEY2WAT,POK,MBK,9,41.0,1
WEY2WAT,POK,MIC,13,80.0,157
WEY2WAT,POK,NWM,2,10.0,9422
WEY2WAT,POK,RDB,8,37.0,1
WEY2WAT,POK,SDN,9,77.0,6
WEY2WAT,POK,SHW,11,62.0,740
WEY2WAT,POK,SNS,16,133.0,5
WEY2WAT,POK,SOA,5,41.0,8999
WEY2WAT,POK,SOU,4,32.0,9408
WEY2WAT,POK,SUR,16,129.5,8
WEY2WAT,POK,SWG,8,45.5,2
WEY2WAT,POK,SWY,4,18.0,1712
WEY2WAT,POK,TTN,7,35.0,1647
WEY2WAT,POK,VXH,20,147.0,3
WEY2WAT,POK,WAT,9,115.0,9422
WEY2WAT,POK,WIM,8,102.0,84
WEY2WAT,POK,WIN,6,51.0,8999
WEY2WAT,POK,WNF,11,81.0,12
WEY2WAT,POK,WOK,8,103.0,3262
WEY2WAT,POK,WPL,16,119.5,2
WEY2WAT,POK,WYB,9,96.0,1
WEY2WAT,POO,ANF,10,54.0,1645
WEY2WAT,POO,BCU,5,37.0,18881
WEY2WAT,POO,BEU,10,56.0,184
WEY2WAT,POO,BFN,12,123.0,1
WEY2WAT,POO,BKO,14,104.0,14
WEY2WAT,POO,BMH,3,14.0,18513
WEY2WAT,POO,BSK,9,88.0,10232
WEY2WAT,POO,BSM,2,9.0,11170
WEY2WAT,POO,CHR,3,23.0,9432
WEY2WAT,POO,CLJ,10,127.0,11016
WEY2WAT,POO,EAD,19,154.0,1
WEY2WAT,POO,ESH,16,136.0,1
WEY2WAT,POO,ESL,14,78.0,993
WEY2WAT,POO,FLE,12,98.0,19
WEY2WAT,POO,FNB,10,107.0,93
WEY2WAT,POO,FRM,7,77.0,1079
WEY2WAT,POO,GLD,9,133.0,1122
WEY2WAT,POO,HAV,8,93.0,1077
WEY2WAT,POO,HER,15,133.0,1
WEY2WAT,POO,HNA,6,32.0,1718
WEY2WAT,POO,HOK,10,93.5,16
WEY2WAT,POO,HSL,9,116.0,1
WEY2WAT,POO,KWB,10,146.5,2
WEY2WAT,POO,MBK,13,64.0,1
WEY2WAT,POO,MIC,17,109.0,171
WEY2WAT,POO,NWM,4,30.0,11110
WEY2WAT,POO,PKS,1,5.0,11170
WEY2WAT,POO,POK,2,20.0,9421
WEY2WAT,POO,RDB,12,60.0,1
WEY2WAT,POO,SDN,10,65.0,10
WEY2WAT,POO,SHW,15,85.0,744
WEY2WAT,POO,SNS,20,163.0,6
WEY2WAT,POO,SOA,7,61.0,17805
WEY2WAT,POO,SOU,6,52.0,18862
WEY2WAT,POO,SUR,16,153.0,13
WEY2WAT,POO,SWG,6,57.0,6
WEY2WAT,POO,SWY,8,41.0,1712
WEY2WAT,POO,TTN,11,58.0,1669
WEY2WAT,POO,VXH,23,176.0,5
WEY2WAT,POO,WAL,14,130.0,1
WEY2WAT,POO,WAT,11,134.0,18882
WEY2WAT,POO,WBY,11,120.0,1
WEY2WAT,POO,WIM,10,122.0,171
WEY2WAT,POO,WIN,8,70.0,17805
WEY2WAT,POO,WNF,11,95.0,16
WEY2WAT,POO,WOK,8,102.0,12390
WEY2WAT,POO,WPL,11,118.0,14
WEY2WAT,POO,WYB,12,121.0,2
WEY2WAT,PTC,CLJ,5,80.0,1
WEY2WAT,PTC,GLD,3,47.0,1
WEY2WAT,PTC,HAV,2,11.0,1
WEY2WAT,PTC,WAT,6,89.0,1
WEY2WAT,PTC,WOK,4,56.0,1
WEY2WAT,RDB,BSK,8,91.0,1
WEY2WAT,RDB,CLJ,10,131.0,1
WEY2WAT,RDB,ESL,4,49.0,1
WEY2WAT,RDB,MBK,1,4.0,1
WEY2WAT,RDB,MIC,7,75.0,1
WEY2WAT,RDB,SHW,5,57.0,1
WEY2WAT,RDB,SOA,3,44.0,1
WEY2WAT,RDB,SOU,2,6.0,1
WEY2WAT,RDB,WAT,11,140.0,1
WEY2WAT,RDB,WIN,6,62.0,1
WEY2WAT,RDB,WOK,9,111.0,1
WEY2WAT,SDN,BSK,6,42.0,7
WEY2WAT,SDN,CLJ,8,88.0,9
WEY2WAT,SDN,ESL,2,9.0,8
WEY2WAT,SDN,FRM,1,22.5,2
WEY2WAT,SDN,GLD,3,82.5,2
WEY2WAT,SDN,HAV,2,40.5,2
WEY2WAT,SDN,MIC,5,34.5,4
WEY2WAT,SDN,SHW,3,18.0,5
WEY2WAT,SDN,SOA,1,4.5,8
WEY2WAT,SDN,SWG,1,3.0,3
WEY2WAT,SDN,WAT,8,97.0,10
WEY2WAT,SDN,WIN,4,20.0,8
WEY2WAT,SDN,WOK,7,65.0,7
WEY2WAT,SHW,BKO,8,52.0,5
WEY2WAT,SHW,BSK,2,22.0,742
WEY2WAT,SHW,CLJ,4,64.0,741
WEY2WAT,SHW,FLE,6,37.0,6
WEY2WAT,SHW,FNB,4,41.0,28
WEY2WAT,SHW,GLD,5,61.0,2
WEY2WAT,SHW,HOK,4,30.5,6
WEY2WAT,SHW,MIC,2,15.0,141
WEY2WAT,SHW,SNS,5,68.0,5
WEY2WAT,SHW,SUR,5,63.0,5
WEY2WAT,SHW,VXH,9,82.0,3
WEY2WAT,SHW,WAT,5,73.0,744
WEY2WAT,SHW,WIM,6,71.0,5
WEY2WAT,SHW,WIN,1,5.0,744
WEY2WAT,SHW,WNF,4,33.0,6
WEY2WAT,SHW,WOK,3,42.0,737
WEY2WAT,SHW,WPL,5,56.0,1
WEY2WAT,SNS,CLJ,1,22.0,6
WEY2WAT,SNS,WAT,2,34.5,6
WEY2WAT,SOA,BFN,6,67.0,1
WEY2WAT,SOA,BKO,7,43.5,14
WEY2WAT,SOA,BSK,2,27.0,10231
WEY2WAT,SOA,CLJ,3,65.0,9983
WEY2WAT,SOA,EAD,13,98.0,1
WEY2WAT,SOA,ESH,10,80.0,1
WEY2WAT,SOA,ESL,1,4.0,993
WEY2WAT,SOA,FLE,5,37.0,19
WEY2WAT,SOA,FNB,3,47.0,93
WEY2WAT,SOA,FRM,2,30.0,2
WEY2WAT,SOA,GLD,4,67.0,45
WEY2WAT,SOA,HER,9,77.0,1
WEY2WAT,SOA,HOK,3,32.0,16
WEY2WAT,SOA,KWB,4,87.0,2
WEY2WAT,SOA,MIC,4,30.0,171
WEY2WAT,SOA,SHW,2,11.0,744
WEY2WAT,SOA,SNS,7,83.0,6
WEY2WAT,SOA,SUR,7,73.0,11
WEY2WAT,SOA,VXH,11,97.0,5
WEY2WAT,SOA,WAL,8,74.0,1
WEY2WAT,SOA,WAT,4,73.0,17805
WEY2WAT,SOA,WBY,5,64.0,1
WEY2WAT,SOA,WIM,3,60.0,171
WEY2WAT,SOA,WIN,1,10.0,17805
WEY2WAT,SOA,WNF,4,34.0,16
WEY2WAT,SOA,WOK,2,43.0,11681
WEY2WAT,SOA,WPL,4,57.0,14
WEY2WAT,SOA,WYB,6,62.5,2
WEY2WAT,SOU,BFN,7,76.0,1
WEY2WAT,SOU,BKO,8,52.5,14
WEY2WAT,SOU,BSK,3,36.0,10232
WEY2WAT,SOU,CLJ,4,74.0,11016
WEY2WAT,SOU,EAD,14,107.0,1
WEY2WAT,SOU,ESH,11,89.0,1
WEY2WAT,SOU,ESL,2,14.0,993
WEY2WAT,SOU,FLE,6,46.0,19
WEY2WAT,SOU,FNB,4,56.0,93
WEY2WAT,SOU,FRM,1,24.0,1079
WEY2WAT,SOU,GLD,3,80.0,1122
WEY2WAT,SOU,HAV,2,40.0,1077
WEY2WAT,SOU,HER,10,86.0,1
WEY2WAT,SOU,HOK,4,41.0,16
WEY2WAT,SOU,HSL,3,64.0,1
WEY2WAT,SOU,KWB,5,96.0,2
WEY2WAT,SOU,MIC,5,39.0,171
WEY2WAT,SOU,SDN,1,7.5,10
WEY2WAT,SOU,SHW,3,21.0,744
WEY2WAT,SOU,SNS,8,92.0,6
WEY2WAT,SOU,SOA,1,9.0,17805
WEY2WAT,SOU,SUR,7,87.0,13
WEY2WAT,SOU,SWG,2,7.5,6
WEY2WAT,SOU,VXH,12,106.0,5
WEY2WAT,SOU,WAL,9,83.0,1
WEY2WAT,SOU,WAT,5,82.0,18882
WEY2WAT,SOU,WBY,6,73.0,1
WEY2WAT,SOU,WIM,4,70.0,171
WEY2WAT,SOU,WIN,2,19.0,17805
WEY2WAT,SOU,WNF,5,43.0,16
WEY2WAT,SOU,WOK,3,53.0,12390
WEY2WAT,SOU,WPL,5,66.0,14
WEY2WAT,SOU,WYB,6,71.5,2
WEY2WAT,SUR,CLJ,2,13.5,10
WEY2WAT,SUR,EAD,2,14.0,1
WEY2WAT,SUR,VXH,3,23.0,3
WEY2WAT,SUR,WAT,2,22.0,13
WEY2WAT,SUR,WIM,1,9.0,5
WEY2WAT,SWG,BSK,4,34.0,3
WEY2WAT,SWG,CLJ,6,74.0,3
WEY2WAT,SWG,ESL,2,5.0,6
WEY2WAT,SWG,SHW,3,12.0,1
WEY2WAT,SWG,SOA,1,2.0,6
WEY2WAT,SWG,WAT,6,75.5,6
WEY2WAT,SWG,WIN,3,12.0,6
WEY2WAT,SWG,WOK,4,45.0,5
WEY2WAT,SWY,ANF,2,13.0,1621
WEY2WAT,SWY,BCU,1,4.0,1712
WEY2WAT,SWY,BEU,2,11.0,174
WEY2WAT,SWY,BKO,15,93.5,4
WEY2WAT,SWY,BSK,9,66.0,995
WEY2WAT,SWY,CLJ,11,108.0,1091
WEY2WAT,SWY,ESL,6,37.0,808
WEY2WAT,SWY,FLE,13,84.0,5
WEY2WAT,SWY,FNB,12,90.0,29
WEY2WAT,SWY,FRM,5,49.0,127
WEY2WAT,SWY,GLD,7,105.0,131
WEY2WAT,SWY,HAV,6,66.0,127
WEY2WAT,SWY,HOK,11,75.0,5
WEY2WAT,SWY,MBK,5,23.0,1
WEY2WAT,SWY,MIC,9,62.0,138
WEY2WAT,SWY,RDB,4,19.0,1
WEY2WAT,SWY,SDN,5,60.0,5
WEY2WAT,SWY,SHW,7,44.0,730
WEY2WAT,SWY,SNS,12,115.0,5
WEY2WAT,SWY,SOA,5,33.0,1585
WEY2WAT,SWY,SOU,4,24.0,1708
WEY2WAT,SWY,SUR,12,113.0,7
WEY2WAT,SWY,SWG,6,34.0,1
WEY2WAT,SWY,TTN,3,17.0,1636
WEY2WAT,SWY,VXH,16,129.0,3
WEY2WAT,SWY,WAT,10,118.0,1712
WEY2WAT,SWY,WIM,8,112.0,28
WEY2WAT,SWY,WIN,8,49.0,1585
WEY2WAT,SWY,WNF,12,79.0,5
WEY2WAT,SWY,WOK,10,88.0,1543
WEY2WAT,SWY,WPL,12,101.5,2
WEY2WAT,TTN,BKO,12,75.5,4
WEY2WAT,TTN,BSK,6,49.0,937
WEY2WAT,TTN,CLJ,8,91.0,1033
WEY2WAT,TTN,ESL,3,20.0,810
WEY2WAT,TTN,FLE,10,65.0,5
WEY2WAT,TTN,FNB,8,71.0,29
WEY2WAT,TTN,FRM,2,30.0,127
WEY2WAT,TTN,GLD,4,87.0,131
WEY2WAT,TTN,HAV,3,47.0,127
WEY2WAT,TTN,HOK,8,58.0,5
WEY2WAT,TTN,MBK,2,6.0,1
WEY2WAT,TTN,MIC,6,45.0,139
WEY2WAT,TTN,RDB,1,2.0,1
WEY2WAT,TTN,SDN,2,43.0,5
WEY2WAT,TTN,SHW,4,27.0,732
WEY2WAT,TTN,SNS,9,98.0,5
WEY2WAT,TTN,SOA,2,16.0,1542
WEY2WAT,TTN,SOU,1,6.0,1665
WEY2WAT,TTN,SUR,9,96.0,7
WEY2WAT,TTN,SWG,3,16.0,1
WEY2WAT,TTN,VXH,13,112.0,3
WEY2WAT,TTN,WAT,7,100.0,1669
WEY2WAT,TTN,WIM,5,95.0,28
WEY2WAT,TTN,WIN,4,32.0,1542
WEY2WAT,TTN,WNF,9,62.0,5
WEY2WAT,TTN,WOK,6,69.0,1546
WEY2WAT,TTN,WPL,8,83.5,2
WEY2WAT,UPW,ANF,16,96.0,1474
WEY2WAT,UPW,BCU,12,79.0,11446
WEY2WAT,UPW,BEU,16,97.0,174
WEY2WAT,UPW,BFN,18,162.0,1
WEY2WAT,UPW,BKO,23,149.0,11
WEY2WAT,UPW,BMH,8,53.0,11207
WEY2WAT,UPW,BSK,16,130.0,9783
WEY2WAT,UPW,BSM,8,49.0,3735
WEY2WAT,UPW,CHR,10,65.0,9256
WEY2WAT,UPW,CLJ,17,168.0,10668
WEY2WAT,UPW,DCH,1,7.0,11281
WEY2WAT,UPW,EAD,25,193.0,1
WEY2WAT,UPW,ESH,22,175.0,1
WEY2WAT,UPW,ESL,20,121.0,974
WEY2WAT,UPW,FLE,19,142.0,15
WEY2WAT,UPW,FNB,18,148.0,73
WEY2WAT,UPW,FRM,13,118.0,948
WEY2WAT,UPW,GLD,15,173.0,977
WEY2WAT,UPW,HAM,6,37.0,11447
WEY2WAT,UPW,HAV,14,133.0,946
WEY2WAT,UPW,HER,21,172.0,1
WEY2WAT,UPW,HNA,12,72.0,1551
WEY2WAT,UPW,HOK,20,141.5,12
WEY2WAT,UPW,HOL,5,32.0,8191
WEY2WAT,UPW,HSL,15,155.0,1
WEY2WAT,UPW,KWB,18,187.0,1
WEY2WAT,UPW,MBK,19,107.0,1
WEY2WAT,UPW,MIC,23,150.0,159
WEY2WAT,UPW,MTN,2,15.0,11406
WEY2WAT,UPW,NWM,11,72.0,10935
WEY2WAT,UPW,PKS,7,45.0,3735
WEY2WAT,UPW,POK,9,62.0,9252
WEY2WAT,UPW,POO,7,42.0,11423
WEY2WAT,UPW,RDB,18,103.0,1
WEY2WAT,UPW,SDN,18,126.0,8
WEY2WAT,UPW,SHW,21,128.0,742
WEY2WAT,UPW,SNS,26,203.0,6
WEY2WAT,UPW,SOA,14,103.0,10501
WEY2WAT,UPW,SOU,13,94.0,11432
WEY2WAT,UPW,SUR,24,199.5,10
WEY2WAT,UPW,SWG,12,92.5,6
WEY2WAT,UPW,SWY,14,81.0,1546
WEY2WAT,UPW,TTN,17,100.0,1488
WEY2WAT,UPW,VXH,29,216.0,5
WEY2WAT,UPW,WAL,20,169.0,1
WEY2WAT,UPW,WAT,18,178.0,11447
WEY2WAT,UPW,WBY,17,159.0,1
WEY2WAT,UPW,WIM,17,164.0,109
WEY2WAT,UPW,WIN,15,113.0,10501
WEY2WAT,UPW,WNF,21,144.5,12
WEY2WAT,UPW,WOK,17,151.0,5033
WEY2WAT,UPW,WOO,3,21.0,11371
WEY2WAT,UPW,WPL,17,157.0,14
WEY2WAT,UPW,WRM,4,28.0,11383
WEY2WAT,UPW,WYB,18,161.5,2
WEY2WAT,VXH,WAT,1,5.0,5
WEY2WAT,WAL,CLJ,6,27.0,1
WEY2WAT,WAL,EAD,5,24.0,1
WEY2WAT,WAL,ESH,2,6.0,1
WEY2WAT,WAL,HER,1,3.0,1
WEY2WAT,WAL,SUR,3,10.0,1
WEY2WAT,WAL,VXH,7,35.0,1
WEY2WAT,WAL,WAT,8,46.0,1
WEY2WAT,WAL,WIM,4,20.0,1
WEY2WAT,WAT,WOK,1,28.5,2
WEY2WAT,WBY,BFN,1,3.0,1
WEY2WAT,WBY,CLJ,9,37.0,1
WEY2WAT,WBY,EAD,8,34.0,1
WEY2WAT,WBY,ESH,5,16.0,1
WEY2WAT,WBY,HER,4,13.0,1
WEY2WAT,WBY,SUR,6,20.0,1
WEY2WAT,WBY,VXH,10,45.0,1
WEY2WAT,WBY,WAL,3,10.0,1
WEY2WAT,WBY,WAT,11,56.0,1
WEY2WAT,WBY,WIM,7,30.0,1
WEY2WAT,WBY,WYB,2,6.0,1
WEY2WAT,WEY,ANF,17,97.0,1645
WEY2WAT,WEY,BCU,12,83.0,18881
WEY2WAT,WEY,BEU,17,101.0,184
WEY2WAT,WEY,BFN,19,166.0,1
WEY2WAT,WEY,BKO,22,150.5,14
WEY2WAT,WEY,BMH,9,57.0,18513
WEY2WAT,WEY,BSK,17,134.0,10232
WEY2WAT,WEY,BSM,6,46.0,11170
WEY2WAT,WEY,CHR,11,69.0,9432
WEY2WAT,WEY,CLJ,18,172.0,11016
WEY2WAT,WEY,DCH,2,11.0,18644
WEY2WAT,WEY,EAD,26,197.0,1
WEY2WAT,WEY,ESH,23,179.0,1
WEY2WAT,WEY,ESL,21,125.0,993
WEY2WAT,WEY,FLE,20,144.0,19
WEY2WAT,WEY,FNB,18,152.0,93
WEY2WAT,WEY,FRM,14,121.0,1079
WEY2WAT,WEY,GLD,16,176.0,1122
WEY2WAT,WEY,HAM,6,38.0,18882
WEY2WAT,WEY,HAV,15,136.0,1077
WEY2WAT,WEY,HER,22,176.0,1
WEY2WAT,WEY,HNA,13,75.0,1718
WEY2WAT,WEY,HOK,18,139.5,16
WEY2WAT,WEY,HOL,6,36.0,8341
WEY2WAT,WEY,HSL,16,159.0,1
WEY2WAT,WEY,KWB,16,187.5,2
WEY2WAT,WEY,MBK,20,111.0,1
WEY2WAT,WEY,MIC,24,154.0,171
WEY2WAT,WEY,MTN,3,19.0,11425
WEY2WAT,WEY,NWM,12,76.0,11110
WEY2WAT,WEY,PKS,5,43.0,11170
WEY2WAT,WEY,POK,10,66.0,9421
WEY2WAT,WEY,POO,7,44.0,18837
WEY2WAT,WEY,RDB,19,107.0,1
WEY2WAT,WEY,SDN,17,109.5,10
WEY2WAT,WEY,SHW,22,132.0,744
WEY2WAT,WEY,SNS,27,207.0,6
WEY2WAT,WEY,SOA,14,107.0,17805
WEY2WAT,WEY,SOU,13,98.0,18862
WEY2WAT,WEY,SUR,23,197.0,13
WEY2WAT,WEY,SWG,12,96.5,6
WEY2WAT,WEY,SWY,15,84.0,1712
WEY2WAT,WEY,TTN,18,102.0,1669
WEY2WAT,WEY,UPW,1,4.0,11442
WEY2WAT,WEY,VXH,30,220.0,5
WEY2WAT,WEY,WAL,21,173.0,1
WEY2WAT,WEY,WAT,19,180.0,18882
WEY2WAT,WEY,WBY,18,163.0,1
WEY2WAT,WEY,WIM,18,167.0,171
WEY2WAT,WEY,WIN,15,117.0,17805
WEY2WAT,WEY,WNF,19,141.0,16
WEY2WAT,WEY,WOK,12,140.0,12390
WEY2WAT,WEY,WOO,4,25.0,11580
WEY2WAT,WEY,WPL,18,161.0,14
WEY2WAT,WEY,WRM,5,31.0,18778
WEY2WAT,WEY,WYB,20,165.5,2
WEY2WAT,WIM,CLJ,1,6.0,90
WEY2WAT,WIM,EAD,1,4.0,1
WEY2WAT,WIM,VXH,2,11.0,4
WEY2WAT,WIM,WAT,2,15.0,171
WEY2WAT,WIN,BFN,4,49.0,1
WEY2WAT,WIN,BKO,6,33.0,14
WEY2WAT,WIN,BSK,1,17.0,10231
WEY2WAT,WIN,CLJ,2,55.0,9983
WEY2WAT,WIN,EAD,11,80.0,1
WEY2WAT,WIN,ESH,8,62.0,1
WEY2WAT,WIN,FLE,4,26.0,19
WEY2WAT,WIN,FNB,2,35.0,93
WEY2WAT,WIN,FRM,2,21.0,1
WEY2WAT,WIN,GLD,3,56.0,45
WEY2WAT,WIN,HER,7,59.0,1
WEY2WAT,WIN,HOK,2,22.0,16
WEY2WAT,WIN,KWB,3,77.0,2
WEY2WAT,WIN,MIC,1,10.0,171
WEY2WAT,WIN,SNS,4,63.0,6
WEY2WAT,WIN,SUR,4,53.0,11
WEY2WAT,WIN,VXH,8,77.0,5
WEY2WAT,WIN,WAL,6,56.0,1
WEY2WAT,WIN,WAT,3,63.0,17805
WEY2WAT,WIN,WBY,3,46.0,1
WEY2WAT,WIN,WIM,2,50.0,171
WEY2WAT,WIN,WNF,3,24.0,16
WEY2WAT,WIN,WOK,1,33.0,11681
WEY2WAT,WIN,WPL,3,48.0,14
WEY2WAT,WIN,WYB,4,48.5,2
WEY2WAT,WNF,BKO,3,9.0,14
WEY2WAT,WNF,CLJ,5,33.5,12
WEY2WAT,WNF,FLE,1,2.0,16
WEY2WAT,WNF,FNB,2,5.0,16
WEY2WAT,WNF,VXH,7,50.0,1
WEY2WAT,WNF,WAT,6,41.0,16
WEY2WAT,WNF,WIM,5,32.0,2
WEY2WAT,WNF,WOK,4,13.0,16
WEY2WAT,WOK,BFN,2,12.0,1
WEY2WAT,WOK,CLJ,1,21.0,4529
WEY2WAT,WOK,EAD,9,43.0,1
WEY2WAT,WOK,ESH,6,25.0,1
WEY2WAT,WOK,GLD,1,19.0,45
WEY2WAT,WOK,HER,5,22.0,1
WEY2WAT,WOK,KWB,1,36.0,2
WEY2WAT,WOK,SNS,1,23.0,6
WEY2WAT,WOK,SUR,1,13.0,10
WEY2WAT,WOK,VXH,4,35.0,5
WEY2WAT,WOK,WAL,4,19.0,1
WEY2WAT,WOK,WAT,1,29.0,12387
WEY2WAT,WOK,WBY,1,9.0,1
WEY2WAT,WOK,WIM,1,17.0,113
WEY2WAT,WOK,WPL,1,11.0,14
WEY2WAT,WOK,WYB,2,11.5,2
WEY2WAT,WOO,ANF,13,74.0,1618
WEY2WAT,WOO,BCU,9,58.0,11621
WEY2WAT,WOO,BEU,13,77.0,174
WEY2WAT,WOO,BFN,15,142.0,1
WEY2WAT,WOO,BKO,20,128.0,11
WEY2WAT,WOO,BMH,5,32.0,11377
WEY2WAT,WOO,BSK,13,109.0,9806
WEY2WAT,WOO,BSM,5,28.0,3910
WEY2WAT,WOO,CHR,7,44.0,9401
WEY2WAT,WOO,CLJ,14,147.0,10698
WEY2WAT,WOO,EAD,22,173.0,1
WEY2WAT,WOO,ESH,19,155.0,1
WEY2WAT,WOO,ESL,17,99.0,970
WEY2WAT,WOO,FLE,16,121.0,15
WEY2WAT,WOO,FNB,16,127.0,74
WEY2WAT,WOO,FRM,10,97.0,961
WEY2WAT,WOO,GLD,12,152.0,991
WEY2WAT,WOO,HAM,3,16.0,11622
WEY2WAT,WOO,HAV,11,112.0,959
WEY2WAT,WOO,HER,18,152.0,1
WEY2WAT,WOO,HNA,9,52.0,1696
WEY2WAT,WOO,HOK,17,120.5,12
WEY2WAT,WOO,HOL,2,11.0,8339
WEY2WAT,WOO,HSL,12,135.0,1
WEY2WAT,WOO,KWB,15,166.0,1
WEY2WAT,WOO,MBK,16,84.0,1
WEY2WAT,WOO,MIC,20,130.0,159
WEY2WAT,WOO,NWM,8,51.0,11080
WEY2WAT,WOO,PKS,4,24.0,3910
WEY2WAT,WOO,POK,6,41.0,9397
WEY2WAT,WOO,POO,4,21.0,11598
WEY2WAT,WOO,RDB,15,80.0,1
WEY2WAT,WOO,SDN,16,120.0,7
WEY2WAT,WOO,SHW,18,106.0,742
WEY2WAT,WOO,SNS,23,183.0,6
WEY2WAT,WOO,SOA,11,82.0,10663
WEY2WAT,WOO,SOU,10,73.0,11607
WEY2WAT,WOO,SUR,22,179.5,10
WEY2WAT,WOO,SWG,12,80.0,3
WEY2WAT,WOO,SWY,11,61.0,1691
WEY2WAT,WOO,TTN,14,78.0,1632
WEY2WAT,WOO,VXH,26,196.0,5
WEY2WAT,WOO,WAL,17,149.0,1
WEY2WAT,WOO,WAT,15,157.0,11622
WEY2WAT,WOO,WBY,14,139.0,1
WEY2WAT,WOO,WIM,14,143.0,110
WEY2WAT,WOO,WIN,12,92.0,10663
WEY2WAT,WOO,WNF,18,123.5,12
WEY2WAT,WOO,WOK,14,130.0,5200
WEY2WAT,WOO,WPL,14,137.0,14
WEY2WAT,WOO,WRM,1,7.0,11556
WEY2WAT,WOO,WYB,16,141.0,2
WEY2WAT,WPL,CLJ,2,44.0,14
WEY2WAT,WPL,GLD,1,8.0,14
WEY2WAT,WPL,SUR,2,35.0,1
WEY2WAT,WPL,WAT,3,54.0,14
WEY2WAT,WRM,ANF,12,67.0,1645
WEY2WAT,WRM,BCU,7,49.0,18881
WEY2WAT,WRM,BEU,12,70.0,184
WEY2WAT,WRM,BFN,14,135.0,1
WEY2WAT,WRM,BKO,17,118.0,14
WEY2WAT,WRM,BMH,5,27.0,18513
WEY2WAT,WRM,BSK,12,102.0,10232
WEY2WAT,WRM,BSM,4,21.0,11170
WEY2WAT,WRM,CHR,6,37.0,9432
WEY2WAT,WRM,CLJ,13,140.0,11016
WEY2WAT,WRM,EAD,21,166.0,1
WEY2WAT,WRM,ESH,18,148.0,1
WEY2WAT,WRM,ESL,16,91.0,993
WEY2WAT,WRM,FLE,15,112.0,19
WEY2WAT,WRM,FNB,13,120.0,93
WEY2WAT,WRM,FRM,9,90.0,1079
WEY2WAT,WRM,GLD,11,145.0,1122
WEY2WAT,WRM,HAM,1,7.0,18882
WEY2WAT,WRM,HAV,10,105.0,1077
WEY2WAT,WRM,HER,17,145.0,1
WEY2WAT,WRM,HNA,8,45.0,1718
WEY2WAT,WRM,HOK,13,107.5,16
WEY2WAT,WRM,HOL,1,4.0,8341
WEY2WAT,WRM,HSL,11,128.0,1
WEY2WAT,WRM,KWB,13,159.5,2
WEY2WAT,WRM,MBK,15,77.0,1
WEY2WAT,WRM,MIC,19,123.0,171
WEY2WAT,WRM,NWM,7,44.0,11110
WEY2WAT,WRM,PKS,3,17.0,11170
WEY2WAT,WRM,POK,5,34.0,9421
WEY2WAT,WRM,POO,2,13.0,18837
WEY2WAT,WRM,RDB,14,73.0,1
WEY2WAT,WRM,SDN,12,78.0,10
WEY2WAT,WRM,SHW,17,98.0,744
WEY2WAT,WRM,SNS,22,176.0,6
WEY2WAT,WRM,SOA,9,73.0,17805
WEY2WAT,WRM,SOU,8,64.0,18862
WEY2WAT,WRM,SUR,18,166.0,13
WEY2WAT,WRM,SWG,8,69.0,6
WEY2WAT,WRM,SWY,10,54.0,1712
WEY2WAT,WRM,TTN,13,71.0,1669
WEY2WAT,WRM,VXH,25,189.0,5
WEY2WAT,WRM,WAL,16,142.0,1
WEY2WAT,WRM,WAT,14,148.0,18882
WEY2WAT,WRM,WBY,13,132.0,1
WEY2WAT,WRM,WIM,13,136.0,171
WEY2WAT,WRM,WIN,10,83.0,17805
WEY2WAT,WRM,WNF,14,109.0,16
WEY2WAT,WRM,WOK,10,115.0,12390
WEY2WAT,WRM,WPL,13,130.0,14
WEY2WAT,WRM,WYB,14,134.0,2
WEY2WAT,WYB,CLJ,4,29.0,2
WEY2WAT,WYB,EAD,6,28.0,1
WEY2WAT,WYB,ESH,3,10.0,1
WEY2WAT,WYB,HER,2,7.0,1
WEY2WAT,WYB,SUR,4,14.0,1
WEY2WAT,WYB,VXH,8,39.0,1
WEY2WAT,WYB,WAL,1,4.0,1
WEY2WAT,WYB,WAT,6,43.5,2
WEY2WAT,WYB,WIM,5,24.0,1
